name,tickerSymbol,exchangeSymbol,isin,short_name,TradingItemId,companyId,currencyId,currencyISO
"BRITISH & MALAYAN TRUSTEES LTD","B08","SGX","SG2L10002467","B&M Trustees",20207298,881646,138,"SGD"
"BONVESTS HOLDINGS LTD","B28","SGX","SG2R04002568","Bonvests",20168005,878667,138,"SGD"
"CHEMICAL INDUSTRIES (F.E.) LTD","C05","SGX","SG1B37000984","Chemical Ind",20158344,7687751,138,"SGD"
"AURIC PACIFIC GROUP LIMITED","A23","SGX","SG1B49001004","Auric Pacific",20215983,7687519,138,"SGD"
"JARDINE CYCLE & CARRIAGE LTD","C07","SGX","SG1B51001017","Jardine C&C",20241886,874084,138,"SGD"
"CITY DEVELOPMENTS LIMITED","C09","SGX","SG1R89002252","CityDev",20158637,410611,138,"SGD"
"DBS GROUP HOLDINGS LTD","D05","SGX","SG1L01001701","DBS",20215608,874047,138,"SGD"
"LCD GLOBAL INVESTMENTS LTD.","L38","SGX","SG1C01001033","LCD Global Inv",20188133,878463,138,"SGD"
"GUOCOLAND LIMITED","F17","SGX","SG1R95002270","GuocoLand",20195297,28526,138,"SGD"
"HAW PAR CORP LTD","H02","SGX","SG1D25001158","Haw Par",20242275,874348,138,"SGD"
"HOTEL ROYAL LTD","H12","SGX","SG1P12002132","Hotel Royal",20218731,4484828,138,"SGD"
"HOTEL PROPERTIES LTD","H15","SGX","SG2P14002527","HPL",20218734,878746,138,"SGD"
"CHINA MERCHANTS HLDGS(PACIFIC)","C22","SGX","SG2P22002535","CMPacific",20218730,878858,138,"SGD"
"INTRACO LIMITED","I06","SGX","SG1D87001195","Intraco",20165056,874368,138,"SGD"
"ISETAN (SINGAPORE) LTD","I15","SGX","SG1D89001201","Isetan",20165079,876971,138,"SGD"
"KHONG GUAN FLOUR MILLING LTD","K03","SGX","SG1E13001268","Khong Guan Flour",20188604,9875955,138,"SGD"
"INNOPAC HOLDINGS LIMITED","I26","SGX","SG2D65002396","InnoPac",20188595,1789535,138,"SGD"
"LUM CHANG HOLDINGS LIMITED","L19","SGX","SG1E20001293","Lum Chang",20219953,875867,138,"SGD"
"MURATA MFG CO. LTD 100","M20","SGX","JP3914400001","Murata Yen1k",20242693,874485,79,"JPY"
"FAR EAST ORCHARD LIMITED","O10","SGX","SG2P56002559","Far East Orchard",20242794,2459793,138,"SGD"
"WHEELOCK PROPERTIES (S) LTD","M35","SGX","SG1N72002107","Wheelock Prop",20194276,877248,138,"SGD"
"NSL LTD.","N02","SGX","SG1F87001375","NSL",20120862,874185,138,"SGD"
"NEPTUNE ORIENT LINES LIMITED","N03","SGX","SG1F90001388","NOL",20120990,649038,138,"SGD"
"QAF LTD","Q01","SGX","SG1A49000759","QAF",20212271,878167,138,"SGD"
"STRAITS TRADING CO. LTD","S20","SGX","SG1J49001550","Straits Trading",20218087,874646,138,"SGD"
"SINGAPURA FINANCE LTD","S23","SGX","SG1M01001924","Spura Finance",20197645,874704,138,"SGD"
"SING INVESTMENTS & FINANCE LTD","S35","SGX","SG1S02002305","Sing Inv & Fin",20197651,7654953,138,"SGD"
"HONG LEONG FINANCE LIMITED","S41","SGX","SG1M04001939","Hong Leong Fin",20197649,878777,138,"SGD"
"ENGRO CORPORATION LIMITED","S44","SGX","SG1H26001476","EnGro",20217981,23085,138,"SGD"
"TUAN SING HOLDINGS LIMITED","T24","SGX","SG2D13002373","Tuan Sing",20218934,4480943,138,"SGD"
"UNITED ENGINEERS LTD ORD","U04","SGX","SG1K25001639","United Engineers",20178140,5542461,138,"SGD"
"UNITED INDUSTRIAL CORP LTD","U06","SGX","SG1K37001643","UIC",20178175,5538185,138,"SGD"
"UPP HOLDINGS LIMITED","U09","SGX","SG1K55001665","UPP",20178191,4481258,138,"SGD"
"UNITED OVERSEAS BANK LTD","U11","SGX","SG1M31001969","UOB",20178182,413891,138,"SGD"
"UNITED OVERSEAS INSURANCE LTD","U13","SGX","SG1M91002014","UOI",20178186,7655812,138,"SGD"
"UOL GROUP LIMITED","U14","SGX","SG1S83002349","UOL",20178183,874568,138,"SGD"
"3CNERGY LIMITED","502","CATALIST","SG0502000029","3Cnergy",119124495,79611391,138,"SGD"
"GRAND BANKS YACHTS LIMITED","G50","SGX","SG0504000043","Grand Banks",20211235,875806,138,"SGD"
"ASIAMEDIC LIMITED","505","CATALIST","SG0505000059","AsiaMedic",20179026,7658303,138,"SGD"
"MTQ CORPORATION LIMITED","M05","SGX","SG0507000073","MTQ",20179896,8086156,138,"SGD"
"FUJI OFFSET PLATES MFG LTD","508","CATALIST","SG0508000080","Fuji Offset",20211214,878714,138,"SGD"
"WING TAI HLDGS LTD","W05","SGX","SG1K66001688","Wing Tai",20160654,877038,138,"SGD"
"KEPPEL TELE & TRAN","K11","SGX","SG1J45001547","Keppel T&T",20218024,629308,138,"SGD"
"G. K. GOH HOLDINGS LIMITED","G41","SGX","SG1M32001976","G K Goh",20211231,878822,138,"SGD"
"SAN TEH LIMITED","S46","SGX","SG0525000196","San Teh",20195002,771818,138,"SGD"
"VENTURE CORPORATION LIMITED","V03","SGX","SG0531000230","Venture",20178309,36204,138,"SGD"
"EQUATION SUMMIT LIMITED","532","CATALIST","SG0532000247","Equation",20213797,878718,138,"SGD"
"PCI LIMITED","P19","SGX","SG0534000260","PCI",20216890,878431,138,"SGD"
"ABR HOLDINGS LIMITED","533","SGX","SG0533000253","ABR",20223527,4492730,138,"SGD"
"GRP LTD","G18","SGX","SG0535000277","GRP",20191819,878844,138,"SGD"
"NOEL GIFTS INTERNATIONAL LTD","543","SGX","SG0543000335","Noel Gifts Intl",20221985,878780,138,"SGD"
"CWT LIMITED","C14","SGX","SG1C20001063","CWT",20164399,878734,138,"SGD"
"INFORMATICS EDUCATION LTD.","I03","SGX","SG0544000342","Informatics",20164987,878758,138,"SGD"
"IFS CAPITAL LIMITED","I49","SGX","SG1A35000706","IFS Capital",20165049,4481204,138,"SGD"
"ROTARY ENGINEERING LIMITED","R07","SGX","SG1A43000730","Rotary Engg",20223175,878709,138,"SGD"
"HTL INT'L HOLDINGS LIMITED","H64","SGX","SG1A48000743","HTL Intl",20218921,2722224,138,"SGD"
"PAN-UNITED CORPORATION LTD","P52","SGX","SG1A67000830","PanUnited",20194467,878883,138,"SGD"
"HUPSTEEL LTD","H73","SGX","SG1A77000903","HupSteel",20218864,8081424,138,"SGD"
"DATAPULSE TECHNOLOGY LIMITED","D04","SGX","SG0558000436","Datapulse Tech",20216276,878824,138,"SGD"
"TECKWAH INDUSTRIAL CORP LTD","561","SGX","SG0561000464","Teckwah",20223188,723659,138,"SGD"
"TIH LIMITED","T55","SGX","SG1A82000914","TIH",20179171,881785,138,"SGD"
"NIPPECRAFT LIMITED","N32","SGX","SG1A83000921","Nippecraft^",20120881,877372,138,"SGD"
"CREATIVE TECHNOLOGY LTD","C76","SGX","SG1A98006814","Creative",20215893,27167,138,"SGD"
"BAKER TECHNOLOGY LIMITED","568","SGX","SG0568007405","Baker Technology",20160852,7658309,138,"SGD"
"SUPER GROUP LTD.","S10","SGX","SG0569007446","Super Group",20217998,881395,138,"SGD"
"KOH BROTHERS GROUP LIMITED","K75","SGX","SG1B06007705","Koh Bros",20188741,5638311,138,"SGD"
"ELEC & ELTEK INT CO LTD","E16","SGX","SG1B09007736","Elec & Eltek USD",20191279,878685,160,"USD"
"NOMURA HOLDINGS, INC","N33","SGX","JP3762600009","Nomura Yen1k",20242769,1288232,79,"JPY"
"SUNRIGHT LTD","S71","SGX","SG1B17008288","Sunright",20223538,846592,138,"SGD"
"BROADWAY INDUSTRIAL GROUP LTD","B69","SGX","SG1B21008464","Broadway Ind",20168076,7687694,138,"SGD"
"ITE ELECTRIC CO LTD","581","CATALIST","SG0581008505","ITE Electric",20164857,881765,138,"SGD"
"OEL (HOLDINGS) LIMITED","584","CATALIST","SG0584008601","OEL",20222453,32318,138,"SGD"
"JARDINE MATHESON HLDGS LTD","J36","SGX","BMG507361001","JMH USD",20242388,873710,160,"USD"
"JARDINE STRATEGIC HLDGS LTD","J37","SGX","BMG507641022","JSH USD",20242391,408350,160,"USD"
"HONGKONG LAND HOLDINGS LIMITED","H78","SGX","BMG4587L1090","HongkongLand USD",20242313,410364,160,"USD"
"MANDARIN ORIENTAL INTL LTD","M04","SGX","BMG578481068","Man Oriental USD",20242602,409322,160,"USD"
"FU YU CORPORATION LTD","F13","SGX","SG1B56010922","Fu Yu",20211088,881838,138,"SGD"
"CHINA MERCHANTS PROP DEVTCOLTD","C03","SGX","CNE000000891","CMProp HKD",20241755,878742,64,"HKD"
"VIBRANT GROUP LIMITED","F01","SGX","SG1B73011663","Vibrant Group",20210808,9997878,138,"SGD"
"CASA HOLDINGS LIMITED","C04","SGX","SG1B93012089","Casa",20158533,7687730,138,"SGD"
"VICOM LTD","V01","SGX","SG1C06012761","VICOM",20178330,881393,138,"SGD"
"RAFFLES UNITED HOLDINGS LTD.","K22","SGX","SG1C10012922","Raffles United",20188652,8081289,138,"SGD"
"ZAGRO ASIA LIMITED","Z01","SGX","SG1C95016004","Zagro Asia",20160996,7657647,138,"SGD"
"F J BENJAMIN HOLDINGS LTD","F10","SGX","SG1D58018368","FJ Benjamin",20160123,882579,138,"SGD"
"NOBEL DESIGN HOLDINGS LTD","547","SGX","SG1D60018406","Nobel Design",20222354,2015244,138,"SGD"
"OSSIA INTERNATIONAL LTD","O08","SGX","SG1D61018413","Ossia Intl",20216554,7653048,138,"SGD"
"SINGAPORE INDEX FUND","S45U","SGX","SG1D68018564","SingIndexFund",59180765,36850744,138,"SGD"
"SECOND CHANCE PROPERTIES LTD","528","SGX","SG1D93474618","Second Chance",20218186,10328304,138,"SGD"
"CEDAR STRATEGIC HOLDINGS LTD","530","CATALIST","SG1D96849865","Cedar Strategic",249227835,882445,138,"SGD"
"NEW TOYO INT HLDGS LTD","N08","SGX","SG1E32850828","New Toyo",20121090,5844286,138,"SGD"
"RAFFLES MEDICAL GROUP LTD","R01","SGX","SG1E34851329","Raffles Medical",20177932,882724,138,"SGD"
"SERIAL SYSTEM LTD","S69","SGX","SG1E36851343","Serial System",20197720,429707,138,"SGD"
"LTC CORPORATION LIMITED","L17","SGX","SG1E42851378","LTC Corp",20219593,882778,138,"SGD"
"GP BATTERIES INT LTD","G08","SGX","SG0964000491","GP Batteries",20191927,879007,138,"SGD"
"TIANJIN ZHONG XIN PHARM GROUP","T14","SGX","CNE100000924","Tianjin ZX USD",42101443,5554742,160,"USD"
"AMARA HOLDINGS LTD","A34","SGX","SG1F08854688","Amara",20187370,2491513,138,"SGD"
"SAMUDERA SHIPPING LINE LTD","S56","SGX","SG1F29855813","SamuderaShipping",20206828,8088652,138,"SGD"
"TRANSIT-MIXED CONCRETE LTD","570","SGX","SG1F41856716","Transit Concrete",20184907,7655557,138,"SGD"
"PENGUIN INTERNATIONAL LIMITED","P13","SGX","SG1F42856756","Penguin Intl",20184853,7653067,138,"SGD"
"PROGEN HOLDINGS LTD","583","CATALIST","SG1F48858053","Progen",20185122,7653094,138,"SGD"
"SBS TRANSIT LTD","S61","SGX","SG1F58858209","SBS Transit",20212405,875398,138,"SGD"
"SINGAPORE TECH ENGINEERING LTD","S63","SGX","SG1F60858221","ST Engineering",20187524,782401,138,"SGD"
"CHINA DAIRY GROUP LTD","T16","SGX","SG1F67858919","China Dairy",20212515,20334511,138,"SGD"
"HONG LEONG ASIA LTD.","H22","SGX","SG1F76860344","Hong Leong Asia",20212890,134428,138,"SGD"
"GENTING HONG KONG LIMITED","S21","SGX","BMG3924T1062","Genting HK US$",20241410,883201,160,"USD"
"CSC HOLDINGS LTD","C06","SGX","SG1F84861094","CSC",20167981,7657939,138,"SGD"
"TAI SIN ELECTRIC LIMITED","500","SGX","SG1F88861140","Tai Sin Electric",20168040,4492828,138,"SGD"
"KLW HOLDINGS LTD","504","CATALIST","SG1G23864448","KLW",20164197,7652921,138,"SGD"
"ENVIRO-HUB HOLDINGS LTD","L23","SGX","SG1G27865383","Enviro-Hub",20164247,8089656,138,"SGD"
"SPINDEX INDUSTRIES LIMITED","564","SGX","SG1G32866137","Spindex Ind",20207085,8087530,138,"SGD"
"SHS HOLDINGS LTD.","566","SGX","SG1G33866144","SHS",20207121,8672289,138,"SGD"
"CPH LTD","539","CATALIST","SG1G40868794","CPH",20207394,2568919,138,"SGD"
"CSE GLOBAL LTD","544","SGX","SG1G47869290","CSE Global",20190632,95270,138,"SGD"
"CHOSEN HOLDINGS LIMITED","C10","SGX","SG1G50869484","Chosen",20190644,8088142,138,"SGD"
"LIAN BENG GROUP LTD","L03","SGX","SG1G55870362","Lian Beng",20190839,2445978,138,"SGD"
"COLEX HOLDINGS LIMITED","567","CATALIST","SG1G56870536","Colex",20190866,7687784,138,"SGD"
"VICPLAS INTERNATIONAL LTD","569","SGX","SG1G57870584","Vicplas Intl",20190952,7657252,138,"SGD"
"POH TIONG CHOON LOGISTICS LTD","P01","SGX","SG1G60871280","Poh Tiong Choon",20214821,7689784,138,"SGD"
"HIAP SENG ENGINEERING LTD","510","SGX","SG1G69871497","Hiap Seng",20215112,7652818,138,"SGD"
"ASPIAL CORPORATION LIMITED","A30","SGX","SG1G71871634","Aspial",20215161,7687514,138,"SGD"
"XPRESS HOLDINGS LTD","I04","SGX","SG1G74871706","Xpress",20215159,6522617,138,"SGD"
"ASTI HOLDINGS LIMITED","575","SGX","SG1G77872271","ASTI",20214996,2218359,138,"SGD"
"KS ENERGY LIMITED","578","SGX","SG1G91873040","KS Energy",20215353,7658818,138,"SGD"
"INTERNATIONAL PRESS SOFTCOM","571","CATALIST","SG1G93873220","IP Softcom",20215507,7652866,138,"SGD"
"TIONG WOON CORP HOLDING LTD","T06","SGX","SG1G98873449","Tiong Woon",20215576,8081621,138,"SGD"
"SHANGRI-LA ASIA LIMITED","S07","SGX","BMG8063F1068","Shangri-La HKD",20215626,877757,64,"HKD"
"ASIAN MICRO HOLDINGS LTD","585","CATALIST","SG1H05873721","Asian Micro",20215604,7729515,138,"SGD"
"TMC EDUCATION CORPORATION LTD","586","CATALIST","SG1H06873795","TMC Education",20215631,10338233,138,"SGD"
"DAIRY FARM INT'L HOLDINGS LTD","D01","SGX","BMG2624N1535","DairyFarm USD",20241715,875503,160,"USD"
"HEALTH MANAGEMENT INTL LTD","588","SGX","SG1H18874567","HMI",20168423,7658090,138,"SGD"
"CHIP ENG SENG CORPORATION LTD","C29","SGX","SG1H36875612","Chip Eng Seng",20158488,5646963,138,"SGD"
"HO BEE LAND LIMITED","H13","SGX","SG1H41875896","Ho Bee Land",20158687,5908956,138,"SGD"
"CHUAN HUP HOLDINGS LIMITED","C33","SGX","SG1H43875910","Chuan Hup",20168592,878601,138,"SGD"
"LOYZ ENERGY LIMITED","594","CATALIST","SG1H44875935","Loyz Energy",20215666,7654946,138,"SGD"
"MFG INTEGRATION TECHNOLOGY LTD","M11","SGX","SG1H45875967","MFG Integration",20215670,4923107,138,"SGD"
"KINGBOARD COPPER FOIL HDGS LTD","K14","SGX","BMG525671076","Kingboard Copper",20215709,2445817,138,"SGD"
"SINARMAS LAND LIMITED","A26","SGX","SG1E97853881","Sinarmas Land",20206488,4493033,138,"SGD"
"YUEXIU PROPERTY CO LIMITED","G10","SGX","HK0123000694","Yuexiu Prop",20160525,878461,138,"SGD"
"DEL MONTE PACIFIC LIMITED","D03","SGX","VGG270541169","Del Monte Pac",20215355,709142,138,"SGD"
"GP INDUSTRIES LIMITED","G20","SGX","SG1C12012995","GP Industries",20213030,919916,138,"SGD"
"HUAN HSIN HOLDINGS LTD","H16","SGX","SG1E67853093","HuanHsin^",20166372,7652842,138,"SGD"
"RH PETROGAS LIMITED","T13","SGX","SG1H00001443","RH PetroGas",20179213,4481209,138,"SGD"
"MEDTECS INTERNATIONAL CORP LTD","546","CATALIST","BMG5958R1043","Medtecs Intl",20168409,9833446,138,"SGD"
"INNOTEK LIMITED","M14","SGX","SG1F66858902","InnoTek",20212493,5702905,138,"SGD"
"HWA HONG CORPORATION LIMITED","H19","SGX","SG1H85877246","Hwa Hong",20215805,878783,138,"SGD"
"SEMBCORP MARINE LTD","S51","SGX","SG1H97877952","Sembcorp Marine",20215817,874960,138,"SGD"
"ABUNDANCE INTERNATIONAL LTD","541","CATALIST","SG1I02877971","Abundance Intl",20215864,7646669,138,"SGD"
"STATS CHIPPAC LTD","S24","SGX","SG1I04877995","STATS ChipPAC",20215891,409510,138,"SGD"
"JAYA HOLDINGS LTD","J10","SGX","SG1I07878305","Jaya",20215892,878982,138,"SGD"
"YEO HIAP SENG LTD","Y03","SGX","SG1I10878425","Yeo Hiap Seng",20215955,874602,138,"SGD"
"METRO HOLDINGS LIMITED","M01","SGX","SG1I11878499","Metro",20216033,878812,138,"SGD"
"MANHATTAN RESOURCES LIMITED","L02","SGX","SG1I14879601","Manhattan Res",20164417,7658144,138,"SGD"
"IPCO INT'L LIMITED","I11","SGX","SG1C67001091","IPCO Intl",20164872,7490049,138,"SGD"
"TPV TECHNOLOGY LIMITED","T18","SGX","BMG8984D1074","TPV Tech",20168384,4493371,138,"SGD"
"NEXT-GEN SATELLITE COMM LTD","B07","SGX","SG1I31881119","Next-Gen Sat^",20209520,8275226,138,"SGD"
"LEE METAL GROUP LTD","593","SGX","SG1I42881876","Lee Metal",20209678,7652937,138,"SGD"
"FOOD EMPIRE HOLDINGS LIMITED","F03","SGX","SG1I44882534","Food Empire",20209676,8081392,138,"SGD"
"PAVILLON HOLDINGS LTD.","596","SGX","SG1I46882631","Pavillon",20209661,8081340,138,"SGD"
"STAMFORD LAND CORPORATION LTD","H07","SGX","SG1I47882655","Stamford Land",20209694,877201,138,"SGD"
"SATS LTD.","S58","SGX","SG1I52882764","SATS",20209719,2445833,138,"SGD"
"SIA ENGINEERING CO LTD","S59","SGX","SG1I53882771","SIA Engineering",20209720,664952,138,"SGD"
"GREAT EASTERN HLDGS LTD","G07","SGX","SG1I55882803","Great Eastern",20209573,2421113,138,"SGD"
"TREK 2000 INT'L LTD","5AB","SGX","SG1I59882965","Trek 2000 Intl",20216301,7655574,138,"SGD"
"SUTL ENTERPRISE LIMITED","A02","SGX","SG1I63883082","SUTL Enterprise",309960296,5551569,138,"SGD"
"NERATELECOMMUNICATIONS LTD","N01","SGX","SG1I64883495","NeraTel",20164328,2445828,138,"SGD"
"TAT HONG HOLDINGS LTD","T03","SGX","SG1I65883502","Tat Hong",20216410,5721188,138,"SGD"
"ADDVALUE TECHNOLOGIES LTD","A31","SGX","SG1I67883666","Addvalue Tech",20216483,2904320,138,"SGD"
"BLUMONT GROUP LTD.","A33","SGX","SG1I69883698","Blumont",20187632,873733,138,"SGD"
"HLH GROUP LIMITED","H27","SGX","SG1I70883703","HLH",20187561,7652834,138,"SGD"
"TT INTERNATIONAL LIMITED","T09","SGX","SG1I71883728","TT Intl",20187593,2445982,138,"SGD"
"ELLIPSIZ LTD","E13","SGX","SG1I76883822","Ellipsiz",20187720,1671033,138,"SGD"
"POLLUX PROPERTIES LTD.","5AE","CATALIST","SG1I77884290","Pollux Prop",20187833,8087528,138,"SGD"
"JADASON ENTERPRISES LTD","J03","SGX","SG1I79884330","Jadason^",20187883,5720874,138,"SGD"
"SMRT CORPORATION LTD","S53","SGX","SG1I86884935","SMRT",20187929,2445834,138,"SGD"
"EU YAN SANG INTERNATIONAL LTD","E02","SGX","SG1I87884967","Eu Yan Sang",20209917,4512332,138,"SGD"
"OSIM INTERNATIONAL LTD","O23","SGX","SG1I88884982","OSIM Intl",20209936,6468903,138,"SGD"
"K1 VENTURES LIMITED","K01","SGX","SG1I94885148","K1 Ventures",20187813,818025,138,"SGD"
"SUNLIGHT GROUP HLDG LTD","5AI","CATALIST","SG1I98885227","Sunlight",20210010,8080969,138,"SGD"
"MIYOSHI LIMITED","M03","SGX","SG1J04885492","Miyoshi^",20210125,8087555,138,"SGD"
"BOARDROOM LIMITED","B10","SGX","SG1J08885589","Boardroom",20210130,2568560,138,"SGD"
"TRANSCORP HOLDINGS LIMITED","T19","SGX","SG1J09885596","Transcorp",20210134,8292763,138,"SGD"
"VIBROPOWER CORPORATION LIMITED","535","SGX","SG1J10885650","VibroPower",20210157,7657251,138,"SGD"
"HONG FOK CORPORATION LTD","H30","SGX","SG1J14885763","Hong Fok",20210200,876506,138,"SGD"
"PACIFIC CENTURY REGIONAL DEVTS","P15","SGX","SG1J17886040","Pacific Century",20190999,1795263,138,"SGD"
"SIM LIAN GROUP LIMITED","S05","SGX","SG1J19886816","Sim Lian",20191068,7654942,138,"SGD"
"UOB-KAY HIAN HOLDINGS LIMITED","U10","SGX","SG1J21887414","UOB Kay Hian",20191150,8081177,138,"SGD"
"SINGAPORE SHIPPING CORP LTD","S19","SGX","SG1J24887775","SingShipping",20210499,4514202,138,"SGD"
"SINGAPORE EXCHANGE LIMITED","S68","SGX","SG1J26887955","SGX",20210295,2445989,138,"SGD"
"CAPITALAND LIMITED","C31","SGX","SG1J27887962","CapitaLand",20210454,2445778,138,"SGD"
"KING WAN CORPORATION LIMITED","554","SGX","SG1J32888328","King Wan",20210620,7652918,138,"SGD"
"VIKING OFFSHORE AND MARINE LTD","557","CATALIST","SG1J35888424","Viking Offshore",20210680,7653028,138,"SGD"
"TSH CORPORATION LIMITED","574","CATALIST","SG1J38888702","TSH",20210724,7689874,138,"SGD"
"MARUWA CO. LTD","M12","SGX","JP3879250003","Maruwa Yen1k",20210714,6630266,138,"SGD"
"HOTEL GRAND CENTRAL LTD","H18","SGX","SG1J41888780","Hotel Grand",20209571,9876426,138,"SGD"
"HYFLUX LTD","600","SGX","SG1J47889782","Hyflux",20188057,7652844,138,"SGD"
"GUOCOLEISURE LIMITED","B16","SGX","BMG4210D1020","GuocoLeisure",20242104,875633,138,"SGD"
"INNOVALUES LIMITED","591","SGX","SG1J57890407","Innovalues",20166649,7652860,138,"SGD"
"TUNG LOK RESTAURANTS 2000 LTD","540","CATALIST","SG1J65890803","Tung Lok Rest",20166755,8292708,138,"SGD"
"SANTAK HOLDINGS LIMITED","580","CATALIST","SG1J68891147","Santak",20166838,8087564,138,"SGD"
"ANNICA HOLDINGS LIMITED","5AL","CATALIST","SG1J70891671","Annica",20166923,774122,138,"SGD"
"SINGAPORE REINSURANCE COR LTD","S49","SGX","SG1J71891696","SingReinsurance",20210831,878793,138,"SGD"
"ASIATRAVEL.COM HOLDINGS LTD","5AM","CATALIST","SG1J72891703","Asiatravel.com",20210782,7646622,138,"SGD"
"VALLIANZ HOLDINGS LIMITED","545","CATALIST","SG1J89892363","Vallianz",20210989,7689775,138,"SGD"
"UMS HOLDINGS LIMITED","558","SGX","SG1J94892465","UMS",20211048,3420283,138,"SGD"
"AP OIL INTERNATIONAL LIMITED","5AU","SGX","SG1K10892752","AP Oil",20160144,7657693,138,"SGD"
"VASHION GROUP LTD.","5BA","CATALIST","SG1K20894269","Vashion",20191840,8080534,138,"SGD"
"GLOBAL TECH (HLDGS) LIMITED","G11","SGX","KYG3932J1572","Global Tech",20213029,6453948,138,"SGD"
"TAT SENG PACKAGING GROUP LTD","T12","SGX","SG1K31894969","Tat Seng Pkg",20213393,8087533,138,"SGD"
"POLARIS LTD.","5BI","CATALIST","SG1L96897898","Polaris",20191932,522383,138,"SGD"
"KODA LTD","5BK","SGX","SG1M03899564","Koda",20192340,7658136,138,"SGD"
"MFS TECHNOLOGY LTD","5BM","SGX","SG1M06899645","MFS Tech",20192366,8070731,138,"SGD"
"HG METAL MANUFACTURING LTD","526","SGX","SG1M22901755","HG Metal",20158938,7652817,138,"SGD"
"EUROPTRONIC GROUP LTD","E23","SGX","SG1M24902538","Europtronic^",20159018,7652743,138,"SGD"
"PNE MICRON HOLDINGS LTD","5BS","CATALIST","SG1M25902545","PNE Micron",20159043,7653078,138,"SGD"
"PACIFIC ANDES RESOURCES DEVLTD","P11","SGX","BMG6845B1046","Pacific Andes",20219741,882432,138,"SGD"
"DARCO WATER TECHNOLOGIES LTD","5CB","SGX","SG1M47904586","Darco Water Tech",20219868,7654574,138,"SGD"
"ROWSLEY LTD.","A50","SGX","SG1M49904634","Rowsley",20219870,44719596,138,"SGD"
"CAPITALAND MALL TRUST","C38U","SGX","SG1M51904654","CapitaMall Trust",20213675,9875963,138,"SGD"
"M DEVELOPMENT LTD.","N14","SGX","SG1M54904800","M Development",20219920,7653029,138,"SGD"
"OKP HOLDINGS LIMITED","5CF","SGX","SG1M55904841","OKP",20219921,7653045,138,"SGD"
"LUNG KEE (BERMUDA) HLDGS LTD","L09","SGX","BMG5697D1011","Lung Kee Bermuda",20219956,878405,138,"SGD"
"CORTINA HOLDINGS LIMITED","C41","SGX","SG1M59904946","Cortina",20219963,8069517,138,"SGD"
"ASCENDAS REAL ESTATE INV TRUST","A17U","SGX","SG1M77906915","Ascendas Reit",20194242,8101236,138,"SGD"
"OCEANUS GROUP LIMITED","579","SGX","SG1M80907371","Oceanus",20194407,24210186,138,"SGD"
"ALIBABA PICTURES GROUP LIMITED","S91","SGX","BMG0171W1055","AliPictures HKD",163700767,7654910,64,"HKD"
"CHEUNG WOH TECHNOLOGIES LTD","C50","SGX","SG1M94907805","Cheung Woh",20179748,7657903,138,"SGD"
"DMX TECHNOLOGIES GROUP LTD","5CH","SGX","BMG278221087","DMX Technologies",20179743,7658001,138,"SGD"
"CHINESE GLOBAL INVESTORS GRP","5CJ","CATALIST","SG1N00908623","Chinese Global",20177182,8180152,138,"SGD"
"GKE CORPORATION LIMITED","595","CATALIST","SG1N09908665","GKE",20177200,8069569,138,"SGD"
"SINWA LIMITED","5CN","SGX","SG1N21908982","Sinwa",20177391,7654990,138,"SGD"
"CH OFFSHORE LTD","C13","SGX","SG1N22909146","CH Offshore",20177418,8634159,138,"SGD"
"SILVERLAKE AXIS LTD","5CP","SGX","BMG8226U1071","Silverlake Axis",20177566,8080671,138,"SGD"
"ASL MARINE HOLDINGS LTD","A04","SGX","SG1N25909283","ASL Marine",20206368,4481257,138,"SGD"
"MDR LIMITED","A27","SGX","SG1N26909308","MDR",20177630,7646285,138,"SGD"
"OCEAN SKY INTERNATIONAL LTD","O05","SGX","SG1N28909355","Ocean Sky Intl",20216846,874478,138,"SGD"
"COMFORTDELGRO CORPORATION LTD","C52","SGX","SG1N31909426","ComfortDelGro",20214393,6256800,138,"SGD"
"TECHNICS OIL & GAS LIMITED","5CQ","SGX","SG1N85910015","Tech Oil & Gas",20214510,8292762,138,"SGD"
"ASIATIC GROUP (HOLDINGS) LTD","5CR","CATALIST","SG1N86910089","Asiatic",20242686,7603678,138,"SGD"
"ECOWISE HOLDINGS LIMITED","5CT","CATALIST","SG1N88910129","EcoWise",20214563,8180017,138,"SGD"
"SINGAPORE POST LIMITED","S08","SGX","SG1N89910219","SingPost",20214535,4941714,138,"SGD"
"BREADTALK GROUP LIMITED","5DA","SGX","SG1O02910816","BreadTalk",20121009,7729564,138,"SGD"
"FULL APEX (HOLDINGS) LIMITED","F18","SGX","BMG3687W1064","Full Apex",20222361,7294045,138,"SGD"
"ALLIED TECHNOLOGIES LIMITED","A13","SGX","SG1O07910928","Allied Tech^",20222288,12675846,138,"SGD"
"MICRO-MECHANICS (HOLDINGS) LTD","5DD","SGX","SG1O09910991","Micro-Mechanics",20222379,9283815,138,"SGD"
"EMS ENERGY LIMITED","5DE","CATALIST","SG1O10911046","EMS Energy",20222411,10524628,138,"SGD"
"KOON HOLDINGS LIMITED","5DL","SGX","SG1O23911876","Koon",20194661,8180368,138,"SGD"
"YING LI INTL REAL ESTATE LTD","5DM","SGX","SG1O24911883","Ying Li Intl",83100411,9275234,138,"SGD"
"FORTUNE REAL ESTATE INV TRUST","F25U","SGX","SG1O33912138","Fortune Reit HKD",20194699,10050118,64,"HKD"
"EZRA HOLDINGS LIMITED","5DN","SGX","SG1O34912152","Ezra",20194635,8180076,138,"SGD"
"SAKAE HOLDINGS LTD.","5DO","SGX","SG1O42912715","Sakae",246628812,8288335,138,"SGD"
"HEETON HOLDINGS LIMITED","5DP","SGX","SG1O44912994","Heeton",20217069,8355116,138,"SGD"
"ANNAIK LIMITED","A52","SGX","SG1O45913009","AnnAik",20217064,9284759,138,"SGD"
"STAMFORD TYRES CORPORATIONLTD","S29","SGX","SG1O53913362","Stamford Tyres",20217345,4508789,138,"SGD"
"MEGACHEM LIMITED","5DS","CATALIST","SG1O60914015","MegaChem",20159283,8180400,138,"SGD"
"JACKSPEED CORPORATION LIMITED","J17","SGX","SG1O75914679","Jackspeed",20159609,9427734,138,"SGD"
"RENEWABLE ENERGY ASIA GRP LTD","5DW","CATALIST","BMG7499U1099","Renewable Energy",20222896,10837303,138,"SGD"
"METAL COMPONENT ENGG LTD","5DX","CATALIST","SG1O81915033","Metal Component",20222852,9302406,138,"SGD"
"HI-P INTERNATIONAL LIMITED","H17","SGX","SG1O83915098","Hi-P",20222862,9192665,138,"SGD"
"DESIGN STUDIO GROUP LTD.","D11","SGX","SG1O90915222","Design Studio",20177709,8080007,138,"SGD"
"CELESTIAL NUTRIFOODS LIMITED","C56","SGX","BMG1991H1043","Celestial Nutri",20214681,9249180,138,"SGD"
"CHALLENGER TECHNOLOGIES LTD","573","SGX","SG1O97915910","Challenger",20177830,9871875,138,"SGD"
"CFM HOLDINGS LIMITED","5EB","CATALIST","SG1P02915996","CFM",20177855,12094588,138,"SGD"
"ISR CAPITAL LIMITED","5EC","SGX","SG1P04916067","ISR Capital",20177862,9301119,138,"SGD"
"MATEX INTERNATIONAL LIMITED","M15","SGX","SG1P13916389","Matex Intl^",20178091,9275287,138,"SGD"
"STRACO CORPORATION LIMITED","S85","SGX","SG1P15916395","Straco",20178099,11235918,138,"SGD"
"ADVENTUS HOLDINGS LIMITED","5EF","CATALIST","SG1P24916816","Adventus",20108651,9950890,138,"SGD"
"ZHONGXIN FRUIT AND JUICE LTD","5EG","CATALIST","SG1P25916898","Zhongxin Fruit",20130537,10524845,138,"SGD"
"FIBRECHEM TECHNOLOGIES LIMITED","F12","SGX","BMG3397M1091","Fibrechem Tech",20207255,28526,138,"SGD"
"CITIC ENVIROTECH LTD.","U19","SGX","SG1P29918163","Citic Envirotech",20123538,10404642,138,"SGD"
"CAPITALAND COMMERCIAL TRUST","C61U","SGX","SG1P32918333","CapitaCom Trust",20108975,11902064,138,"SGD"
"RAMBA ENERGY LIMITED","R14","SGX","SG1P35918371","Ramba Energy",20109005,11323014,138,"SGD"
"CHINA JISHAN HOLDINGS LIMITED","J18","SGX","SG1P40918440","China Jishan",20124325,10332224,138,"SGD"
"NOBLE GROUP LIMITED","N21","SGX","BMG6542T1190","Noble",20111141,2214129,138,"SGD"
"SINOCLOUD GROUP LIMITED","5EK","CATALIST","BMG8191N1048","SinoCloud",278557982,10348933,138,"SGD"
"LASSETERS INTL HOLDINGS LTD","5EL","CATALIST","SG1P64918631","Lasseters Intl",20114123,11323004,138,"SGD"
"SINGAPORE PRESS HLDGS LTD","T39","SGX","SG1P66918738","SPH",20113724,875569,138,"SGD"
"LIFEBRANDZ LTD.","L20","SGX","SG1P72918953","LifeBrandz",20117641,10461378,138,"SGD"
"MIDAS HLDGS LIMITED","5EN","SGX","SG1P73919000","Midas",20111138,9301203,138,"SGD"
"TELECHOICE INTERNATIONAL LTD","T41","SGX","SG1P75919099","TeleChoice Intl",20117931,10945448,138,"SGD"
"CHINA AUTO ELECTRONICS GRP LTD","T42","SGX","BMG2111L1081","China Auto Elec",20124022,32318274,138,"SGD"
"BEST WORLD INTERNATIONAL LTD","5ER","SGX","SG1P81919679","Best World",20113305,10958363,138,"SGD"
"TECHCOMP (HOLDINGS) LIMITED","T43","SGX","BMG872571044","Techcomp",20113420,11016298,138,"SGD"
"CHINA PAPER HOLDINGS LIMITED","C71","SGX","BMG2156K1484","China Paper",20113648,10945484,138,"SGD"
"MEMTECH INTERNATIONAL LTD","M26","SGX","SG1P85919766","Memtech Intl",20124113,7885540,138,"SGD"
"MEGHMANI ORGANICS LIMITED","M30","SGX","SG1P93919998","Meghmani SDS",20124692,889181,138,"SGD"
"ATTILAN GROUP LIMITED","5ET","SGX","SG1P94920060","Attilan",20124924,7652861,138,"SGD"
"EUCON HOLDING LIMITED","E27","SGX","SG1Q02920318","Eucon^",20118235,11441002,138,"SGD"
"HOSEN GROUP LTD","5EV","CATALIST","SG1Q03920366","Hosen",20118423,11689913,138,"SGD"
"PAN ASIAN HOLDINGS LIMITED","5EW","CATALIST","SG1Q04920423","Pan Asian",20118397,11690043,138,"SGD"
"JEP HOLDINGS LTD.","5FA","CATALIST","SG1Q14921304","JEP",20121158,12005663,138,"SGD"
"FUNG CHOI MEDIA GROUP LIMITED","F11","SGX","BMG3722U1071","Fung Choi Media",20136764,12073821,138,"SGD"
"PETRA FOODS LIMITED","P34","SGX","SG1Q25921608","Petra Foods",20137101,5632957,138,"SGD"
"CHINA SUN BIOCHEM TECH GP CO.","C86","SGX","KYG843801070","China Sun Bio",20143684,12532826,138,"SGD"
"SOUTHERN PACKAGING GROUP LTD","T77","SGX","SG1Q31922020","Southern Pkg",20112536,12532792,138,"SGD"
"ACE ACHIEVE INFOCOM LIMITED","A75","SGX","BMG007FR1026","Ace Achieve Info",20117349,12532816,138,"SGD"
"LANKOM ELECTRONICS LIMITED","L22","SGX","BMG5378M1156","LANKom Elec^",20145187,8070460,138,"SGD"
"ADVANCE SCT LIMITED","5FH","SGX","SG1Q38922098","Advance SCT^",20132893,12617492,138,"SGD"
"ORIENTAL GROUP LTD.","5FI","CATALIST","SG1Q39922105","Oriental",20154907,12617481,138,"SGD"
"GREEN BUILD TECHNOLOGY LIMITED","Y06","SGX","SG1Q40922128","Green Build",20144379,12617425,138,"SGD"
"CHINA HAIDA LTD.","C92","SGX","SG1Q42922142","China Haida",20144380,12666533,138,"SGD"
"FALCON ENERGY GROUP LIMITED","5FL","SGX","SG1Q49922319","Falcon Energy",20161372,35109764,138,"SGD"
"SUNTEC REAL ESTATE INV TRUST","T82U","SGX","SG1Q52922370","Suntec Reit",20126811,12870290,138,"SGD"
"SELECT GROUP LIMITED","5FQ","CATALIST","SG1Q53922437","Select",20127158,13011635,138,"SGD"
"ENVICTUS INTERNATIONAL HLDGLTD","5FR","SGX","SG1Q54922550","Envictus",20135960,13223463,138,"SGD"
"YHI INTERNATIONAL LIMITED","Y08","SGX","SG1Q57923167","YHI Intl",20258974,7657636,138,"SGD"
"CDW HOLDING LIMITED","D38","SGX","BMG2022E1021","CDW",24485037,13633212,138,"SGD"
"LIONGOLD CORP LTD","A78","CATALIST","BMG5521X1092","LionGold",24485045,13757613,138,"SGD"
"LINAIR TECHNOLOGIES LIMITED","5FW","CATALIST","SG1Q66923448","Linair Tech",20328924,13757626,138,"SGD"
"FRAGRANCE GROUP LIMITED","F31","SGX","SG1Q67923454","Fragrance",20328930,13757623,138,"SGD"
"OLAM INTERNATIONAL LIMITED","O32","SGX","SG1Q75923504","Olam Intl",20406421,5487399,138,"SGD"
"CHINA GREAT LAND HOLDINGS LTD.","D50","SGX","SG1Q76923560","China Great Land",24485074,20385270,138,"SGD"
"NEW WAVE HOLDINGS LTD.","5FX","CATALIST","SG1Q78923675","New Wave",20684524,7658728,138,"SGD"
"KARIN TECHNOLOGY HLDGS LIMITED","K29","SGX","BMG521971033","Karin Tech",20759150,20710280,138,"SGD"
"CNA GROUP LTD.","5GC","SGX","SG1Q82923885","CNA^",24485122,7957924,138,"SGD"
"SUNPOWER GROUP LTD.","5GD","SGX","BMG8585U1027","Sunpower",20988662,20928648,138,"SGD"
"NICO STEEL HOLDINGS LIMITED","5GF","SGX","SG1R29924672","Nico Steel",21933465,21934910,138,"SGD"
"SARINE TECHNOLOGIES LTD","U77","SGX","IL0010927254","Sarine Tech",22102531,10394455,138,"SGD"
"C&G ENV PROTECT HLDGS LTD","D79","SGX","BMG1820V1000","C&G Env Protect",24485174,22036365,138,"SGD"
"INTERRA RESOURCES LIMITED","5GI","SGX","SG1R37924805","Interra Resource",22130710,9429111,138,"SGD"
"AUSGROUP LIMITED","5GJ","SGX","SG1R38924838","AusGroup",22153735,22110973,138,"SGD"
"BIOSENSORS INT'L GROUP, LTD.","B20","SGX","BMG113251000","Biosensors",22224136,22277393,138,"SGD"
"FRENCKEN GROUP LIMITED","E28","SGX","SG1R43925234","Frencken",22270273,9441209,138,"SGD"
"LONGCHEER HOLDINGS LIMITED","L28","SGX","BMG5635H1079","Longcheer",22308492,22253421,138,"SGD"
"SEMBCORP INDUSTRIES LTD","U96","SGX","SG1R50925390","Sembcorp Ind",20164234,882833,138,"SGD"
"MACQUARIE INT'L INFRA FUND LTD","M41","SGX","BMG5759W1047","Macquarie Intl",22472521,22277435,138,"SGD"
"BAN LEONG TECHNOLOGIES LIMITED","B26","SGX","SG1R62925800","Ban Leong",22781791,22498608,138,"SGD"
"MAPLETREE LOGISTICS TRUST","M44U","SGX","SG1S03926213","Mapletree Log Tr",23181900,23019645,138,"SGD"
"OVERSEA-CHINESE BANKING CORP","O39","SGX","SG1S04926220","OCBC Bank",23268392,1213993,138,"SGD"
"UNION STEEL HOLDINGS LIMITED","V69","SGX","SG1S05926369","Union Steel",23552881,22985762,138,"SGD"
"LUXKING GROUP HOLDINGS LIMITED","L34","SGX","BMG5723Q1006","Luxking",23582971,22972388,138,"SGD"
"ASIA ENTERPRISES HOLDING LTD","A55","SGX","SG1S11926551","Asia Enterprises",31909560,23630325,138,"SGD"
"AA GROUP HOLDINGS LTD.","5GZ","CATALIST","SG1S12926576","AA",23733685,23019599,138,"SGD"
"BH GLOBAL CORPORATION LIMITED","B32","SGX","SG1S15926722","BH Global",23810495,23779871,138,"SGD"
"STARHILL GLOBAL REIT","P40U","SGX","SG1S18926810","StarhillGbl Reit",24738910,23887025,138,"SGD"
"CHINA SKY CHEM FIBRE CO., LTD.","E90","SGX","KYG211051043","China Sky Chem",24176188,24083709,138,"SGD"
"LIZHONG WHEEL GROUP LTD.","E94","SGX","SG1S28927147","Lizhong Wheel",24362844,23826952,138,"SGD"
"NTEGRATOR INTERNATIONAL LTD","5HC","CATALIST","SG1S32927257","Ntegrator Intl",24398135,24364036,138,"SGD"
"PACIFIC HEALTHCARE HLDGS LTD","P47","SGX","SG1S34927479","Pacific Hc^",24687713,13008370,138,"SGD"
"EDITION LTD.","5HG","CATALIST","SG1S42927578","Edition",24807220,24792329,138,"SGD"
"HOE LEONG CORPORATION LTD.","H20","SGX","SG1S47927920","Hoe Leong",24822191,24210126,138,"SGD"
"ISDN HOLDINGS LIMITED","I07","SGX","SG1S48927937","ISDN",20242373,4484237,138,"SGD"
"SINJIA LAND LIMITED","5HH","CATALIST","SG1S49927944","Sinjia Land",24885272,24864967,138,"SGD"
"CITYNEON HOLDINGS LIMITED","5HJ","SGX","SG1S61928069","Cityneon",24993716,24210098,138,"SGD"
"GENTING SINGAPORE PLC","G13","SGX","GB0043620292","Genting Sing",20242199,877579,138,"SGD"
"SINOPIPE HOLDINGS LIMITED","X06","SGX","SG1S70928191","Sinopipe",25082191,24083869,138,"SGD"
"COSCO CORPORATION (S) LTD","F83","SGX","SG1S76928401","Cosco",25390205,9249180,138,"SGD"
"MYP LTD.","F86","SGX","SG1S80928447","MYP",25629446,264149107,138,"SGD"
"IMPERIUM CROWN LIMITED","5HT","CATALIST","SG1S82928544","Imperium Crown",25550822,25538331,138,"SGD"
"CHINA ESSENCE GROUP LTD.","G54","SGX","KYG2111N1043","China Essence^",25690740,24965173,138,"SGD"
"LUZHOU BIO-CHEM TECHNOLOGY LTD","L46","SGX","SG1S94928862","Luzhou Bio-Chem",26094751,26000983,138,"SGD"
"KOH BROTHERS ECO ENGG LIMITED","5HV","CATALIST","SG1S95928879","Koh Eco",26016048,25410443,138,"SGD"
"NEW SILKROUTES GROUP LIMITED","G77","SGX","SG1T03928994","New Silkroutes",26255536,8101306,138,"SGD"
"CHINA MILK PRODUCTS GROUP LTD","G86","SGX","KYG2112C1078","China Milk",26285669,25304345,138,"SGD"
"CHINA AVIATION OIL(S) CORP LTD","G92","SGX","SG1T06929205","China Aviation",26350924,7687767,138,"SGD"
"ASCOTT RESIDENCE TRUST","A68U","SGX","SG1T08929278","Ascott Reit",26555762,26322140,138,"SGD"
"CEFC INTERNATIONAL LIMITED","Y35","SGX","BMG1989W1055","CEFC Intl",215978726,26557088,138,"SGD"
"SINGAPORE MYANMAR INVESTCO LTD","Y45","SGX","SG1T17929525","SingMyanmar",26645028,26654566,138,"SGD"
"ADVANCED HOLDINGS LTD.","5IA","SGX","SG1T19929580","Advanced",26735840,11756033,138,"SGD"
"ALBEDO LIMITED","5IB","CATALIST","SG1T21929867","Albedo",26686478,26287299,138,"SGD"
"KEPPEL REIT","K71U","SGX","SG1T22929874","Keppel Reit",26723696,26687797,138,"SGD"
"SING HOLDINGS LIMITED","5IC","SGX","SG1T28930090","SingHoldings",26915350,26936312,138,"SGD"
"WORLD PRECISION MACHINERY LTD","B49","SGX","SG1T29930156","World Precision",26953640,26491810,138,"SGD"
"LORENZO INTERNATIONAL LIMITED","5IE","SGX","SG1T35930281","Lorenzo Intl",27128000,27085715,138,"SGD"
"NATURAL COOL HOLDINGS LIMITED","5IF","CATALIST","SG1T36930298","Natural Cool",27069251,27012363,138,"SGD"
"GALLANT VENTURE LTD.","5IG","SGX","SG1T37930313","Gallant Venture",27162511,27146700,138,"SGD"
"HENGXIN TECHNOLOGY LTD.","I85","SGX","SG1T38930320","Hengxin Tech",27162512,27146691,138,"SGD"
"THAI BEVERAGE PUBLIC CO LTD","Y92","SGX","TH0902010014","ThaiBev",27365983,27339980,138,"SGD"
"BANYAN TREE HOLDINGS LIMITED","B58","SGX","SG1T49930665","Banyan Tree",27475595,20727071,138,"SGD"
"WILMAR INTERNATIONAL LIMITED","F34","SGX","SG1T56930848","Wilmar Intl",64923917,425630,138,"SGD"
"YANLORD LAND GROUP LIMITED","Z25","SGX","SG1T57930854","Yanlord Land",27713859,27657923,138,"SGD"
"FRASER AND NEAVE, LIMITED","F99","SGX","SG1T58930911","F & N",27793503,874298,138,"SGD"
"FRASERS CENTREPOINT TRUST","J69U","SGX","SG1T60930966","Frasers Cpt Tr",27904612,27879016,138,"SGD"
"CDL HOSPITALITY TRUSTS","J85","SGX","SG1T66931158","CDL HTrust",28012100,28009482,138,"SGD"
"CAMBRIDGE INDUSTRIAL TRUST","J91U","SGX","SG1T70931228","Cambridge Ind Tr",33299245,28040391,138,"SGD"
"YOMA STRATEGIC HOLDINGS LTD","Z59","SGX","SG1T74931364","Yoma Strategic",28655576,24906487,138,"SGD"
"SINGTEL","Z74","SGX","SG1T75931496","SingTel",20244000,112384,138,"SGD"
"PAN HONG HOLDINGS GROUP LTD","P36","SGX","BMG6900A1163","Pan Hong",29182287,29073030,138,"SGD"
"BUKIT SEMBAWANG ESTATES LTD","B61","SGX","SG1T88932077","Bukit Sembawang",29326100,4481254,138,"SGD"
"CHINA KANGDA FOOD COMPANY LTD","P74","SGX","BMG2110F1023","ChinaKangdaFood",29480619,29349247,138,"SGD"
"PT BERLIAN LAJU TANKER TBK","B66","SGX","ID1000099906","Berlian LajuTank",27904654,878909,138,"SGD"
"CHINA BEARING (SINGAPORE) LTD.","AD7","SGX","SG1U08932378","China Bearing",29687669,28851134,138,"SGD"
"SINO TECHFIBRE LIMITED","AD8","SGX","BMG8169N1020","Sino Techfibre",29687670,29383115,138,"SGD"
"TEXCHEM-PACK HOLDINGS (S) LTD.","AI1","SGX","SG1U10932531","Texchem-Pack^",29929676,27368984,138,"SGD"
"OUHUA ENERGY HOLDINGS LIMITED","AJ2","SGX","BMG6843Q1033","Ouhua Energy^",29984046,29383405,138,"SGD"
"RIVERSTONE HOLDINGS LIMITED","AP4","SGX","SG1U22933048","Riverstone",30296672,22654388,138,"SGD"
"CAPITALAND RETAIL CHINA TRUST","AU8U","SGX","SG1U25933169","CapitaR China Tr",30455368,30468171,138,"SGD"
"FIRST REAL ESTATE INV TRUST","AW9U","SGX","SG1U27933225","First Reit",31787128,30533300,138,"SGD"
"GLOBAL INVESTMENTS LIMITED","B73","SGX","BMG3931N1002","Global Inv",30688725,30269934,138,"SGD"
"AIMS PROPERTY SECURITIES FUND","A0P","SGX","AU000000APW5","AIMS Property",30791064,20383746,138,"SGD"
"HIAP HOE LIMITED","5JK","SGX","SG1U37933462","Hiap Hoe",30919725,12703912,138,"SGD"
"USP GROUP LIMITED","A6F","SGX","SG1U46933891","USP Group",32267575,30467869,138,"SGD"
"INDOFOOD AGRI RESOURCES LTD.","5JS","SGX","SG1U47933908","Indofood Agri",20219871,28071086,138,"SGD"
"KEPPEL INFRA TRUST WEF 2015","A7RU","SGX","SG1U48933923","Kep Infra Tr",33234878,31047524,138,"SGD"
"KEPPEL INFRA TRUST WEF 2015","A7RU","SGX","SG1U48933923","Kep Infra Tr",33234878,31047524,138,"SGD"
"SUNVIC CHEMICAL HOLDINGS LTD","A7S","SGX","SG1U49933948","SunVic Chemical",31846510,32317097,138,"SGD"
"VALUETRONICS HOLDINGS LIMITED","BN2","SGX","BMG9316Y1084","Valuetronics",33322069,33257368,138,"SGD"
"KEPPEL CORPORATION LIMITED","BN4","SGX","SG1U68934629","Keppel Corp",33363849,874117,138,"SGD"
"CHINA HONGXING SPORTS LIMITED","BR9","SGX","BMG2154D1121","China Hongxing",34092403,24083698,138,"SGD"
"YANGZIJIANG SHIPBLDG HLDGS LTD","BS6","SGX","SG1U76934819","YZJ Shipbldg SGD",33652577,33774691,138,"SGD"
"FORELAND FABRICTECH HLDS LTD","B0I","SGX","BMG3658Z1041","Foreland FabriT",33974560,33983931,138,"SGD"
"CHINA FISHERY GROUP LIMITED","B0Z","SGX","KYG211001212","China Fishery",34202033,24601070,138,"SGD"
"DELONG HOLDINGS LIMITED","B1N","SGX","SG1U86935475","Delong",34065668,10338230,138,"SGD"
"RICKMERS MARITIME","B1ZU","SGX","SG1U88935523","RickmersMaritime",34058666,34051565,138,"SGD"
"M1 LIMITED","B2F","SGX","SG1U89935555","M1",20161358,6413434,138,"SGD"
"SOUP RESTAURANT GROUP LIMITED","5KI","SGX","SG1U97935860","Soup Restaurant",34446197,34388173,138,"SGD"
"SIN GHEE HUAT CORPORATION LTD.","B7K","SGX","SG1V04936067","Sin Ghee Huat",34636489,34648613,138,"SGD"
"CHINA YONGSHENG LIMITED","5KK","CATALIST","SG1V05936116","China Yongsheng",34808071,35197158,138,"SGD"
"COSMOSTEEL HOLDINGS LIMITED","B9S","SGX","SG1V08936188","CosmoSteel",34965932,34975923,138,"SGD"
"STARHUB LTD","CC3","SGX","SG1V12936232","StarHub",28923475,2264196,138,"SGD"
"CHINA SUNSINE CHEM HLDGS LTD.","CH8","SGX","SG1V17936401","China Sunsine",35261247,35272836,138,"SGD"
"AVI-TECH ELECTRONICS LIMITED","CT1","SGX","SG1V30936768","Avi-Tech^",34685467,34703400,138,"SGD"
"YONG XIN INTL HOLDINGS LTD.","CX5","SGX","SG1V34936913","Yong Xin Intl^",35877409,35879382,138,"SGD"
"ASCENDAS INDIA TRUST","CY6U","SGX","SG1V35936920","Ascendas-iTrust",35659318,35673019,138,"SGD"
"SUNTAR ECO-CITY LIMITED","CZ3","SGX","SG1V36936952","Suntar Eco-City",35408601,35415174,138,"SGD"
"DUTECH HOLDINGS LIMITED","CZ4","SGX","SG1V37936969","Dutech",35938939,35905720,138,"SGD"
"FUJIAN ZHENYUN PLAS IND CO LTD","5KT","CATALIST","CNE1000007L2","Fujian Zhenyun",36054162,35960716,138,"SGD"
"CHINA HONGCHENG HOLDINGS LTD","C0Z","SGX","BMG2154X1002","China Hongcheng^",36054151,36015243,138,"SGD"
"SUNMART HOLDINGS LIMITED","C2J","SGX","SG1V50937100","Sunmart",36187493,36116330,138,"SGD"
"PARKWAYLIFE REIT","C2PU","SGX","SG1V52937132","ParkwayLife Reit",36187482,36190710,138,"SGD"
"LH GROUP LIMITED","C4P","SGX","SG1V57937210","LH",20118198,881677,138,"SGD"
"SINGAPORE AIRLINES LTD","C6L","SGX","SG1V61937297","SIA",20243027,664951,138,"SGD"
"SITRA HOLDINGS (INTL) LIMITED","5LE","CATALIST","SG1V70937494","Sitra",30176991,30142852,138,"SGD"
"JIUTIAN CHEMICAL GROUP LIMITED","C8R","SGX","SG1V71937527","Jiutian Chemical",26991615,26976876,138,"SGD"
"SINOSTAR PEC HOLDINGS LIMITED","C9Q","SGX","SG1V73937608","Sinostar Pec",36892467,37089225,138,"SGD"
"HANWELL HOLDINGS LIMITED","DM0","SGX","SG1V81937806","Hanwell",20215941,9805893,138,"SGD"
"MERMAID MARITIME PUBLIC CO LTD","DU4","SGX","TH0955010002","Mermaid Maritime",36841012,10319163,138,"SGD"
"ARA ASSET MANAGEMENT LIMITED","D1R","SGX","BMG045121024","ARA Asset Mgt",38411289,22521369,138,"SGD"
"MARCO POLO MARINE LTD.","5LY","SGX","SG1W14938268","MarcoPolo Marine",38697506,38681355,138,"SGD"
"CACOLA FURNITURE INTL LIMITED","D2U","SGX","KYG1745C1042","Cacola^",38702618,37612468,138,"SGD"
"SINOTEL TECHNOLOGIES LTD.","D3W","SGX","SG1W20938336","Sinotel Tech^",38893894,37612517,138,"SGD"
"CHINA NEW TOWN DEVT CO LIMITED","D4N","SGX","VGG2156N1006","China New Town",38238195,38247362,138,"SGD"
"LIPPO MALLS INDO RETAIL TRUST","D5IU","SGX","SG1W27938677","Lippo Malls Tr",38912044,38990148,138,"SGD"
"Z-OBEE HOLDINGS LIMITED","D5N","SGX","BMG9891Y1012","Z-Obee",39051129,38918090,138,"SGD"
"DYNAMIC COLOURS LIMITED","D6U","SGX","SG1W32938860","Dynamic Colours",39079694,39062836,138,"SGD"
"FIRST SHIP LEASE TRUST","D8DU","SGX","SG1U66934613","FSL Trust",33299179,33572230,138,"SGD"
"FIRST RESOURCES LIMITED","EB5","SGX","SG1W35938974","First Resources",38795750,39365949,138,"SGD"
"SOON LIAN HOLDINGS LIMITED","5MD","CATALIST","SG1W36938981","Soon Lian",39166168,39334490,138,"SGD"
"KTL GLOBAL LIMITED","EB7","SGX","SG1W37938998","KTL Global",39356682,39272805,138,"SGD"
"EZION HOLDINGS LIMITED","5ME","SGX","SG1W38939029","Ezion",20210126,8180431,138,"SGD"
"MERCATOR LINES (SINGAPORE) LTD","EE6","SGX","SG1W39939069","Mercator Lines",39410869,29605719,138,"SGD"
"JES INTERNATIONAL HOLDINGS LTD","EG0","SGX","SG1W40939082","JES Intl",39304928,39309096,138,"SGD"
"UNITED OVERSEAS AUSTRALIA LTD","EH5","SGX","AU000000UOS4","UOA",39492999,6521045,138,"SGD"
"KSH HOLDINGS LIMITED","ER0","SGX","SG1W44939146","KSH",32413164,32371367,138,"SGD"
"OLD CHANG KEE LTD.","5ML","CATALIST","SG1W49939232","Old Chang Kee",39079697,39039697,138,"SGD"
"RESOURCES PRIMA GROUP LIMITED","5MM","CATALIST","SG1W50939246","Resources Prima",277650520,32281640,138,"SGD"
"EPICENTRE HOLDINGS LIMITED","5MQ","CATALIST","SG1W52939285","Epicentre",39623323,39636223,138,"SGD"
"WEE HUR HOLDINGS LTD.","E3B","SGX","SG1W55939399","Wee Hur",39627533,39636356,138,"SGD"
"GOLDEN AGRI-RESOURCES LTD","E5H","SGX","MU0117U00026","Golden Agri-Res",20215210,2445802,138,"SGD"
"MEMSTAR TECHNOLOGY LTD.","5MS","SGX","SG1W58939412","Memstar Tech",20187507,33805544,138,"SGD"
"YONGMAO HOLDINGS LIMITED","E6A","SGX","SG1W61939482","Yongmao",41384717,41131626,138,"SGD"
"SAMKO TIMBER LIMITED","E6R","SGX","SG1W64939547","Samko Timber",40266395,40275494,138,"SGD"
"ROXY-PACIFIC HOLDINGS LIMITED","E8Z","SGX","SG1W66939735","Roxy-Pacific",41947428,41869603,138,"SGD"
"JOYAS INTERNATIONAL HLDGS LTD","E9L","CATALIST","BMG518851461","Joyas Intl",41900255,41900253,138,"SGD"
"KINGSMEN CREATIVES LTD","5MZ","SGX","SG1W76939881","KingsmenCreative",20217168,8180366,138,"SGD"
"ERATAT LIFESTYLE LIMITED","FO8","SGX","SG1W77939914","Eratat Lifestyle",43473519,43249562,138,"SGD"
"DAPAI INTL HLDG CO. LTD.","FP1","SGX","BMG2656V1072","Dapai Intl^",43327206,43287032,138,"SGD"
"JASPER INVESTMENTS LIMITED","FQ7","SGX","SG1W79939920","Jasper Inv^",20210374,5565818,138,"SGD"
"CHINA SPORTS INTL LIMITED","FQ8","SGX","BMG215901155","China Sports",35522401,35536829,138,"SGD"
"LOW KENG HUAT (SINGAPORE) LTD","F1E","SGX","SG1W86940333","Low Keng Huat",20219720,878514,138,"SGD"
"MMP RESOURCES LIMITED","F3V","SGX","SG1W93940508","MMP Resources",45757604,45602051,138,"SGD"
"MENCAST HOLDINGS LTD.","5NF","SGX","SG1X07940643","Mencast",46121296,46049497,138,"SGD"
"HEALTHWAY MEDICAL CORP LTD","5NG","CATALIST","SG1X09940682","Healthway Med",46446947,30396018,138,"SGD"
"BOUSTEAD SINGAPORE LIMITED","F9D","SGX","SG1X13940751","Boustead",20215877,4030640,138,"SGD"
"KENCANA AGRI LIMITED","F9M","SGX","SG1X16940808","Kencana Agri",46948129,46948125,138,"SGD"
"ARTIVISION TECHNOLOGIES LTD.","5NK","CATALIST","SG1X21941023","Artivision Tech",47469768,47371031,138,"SGD"
"HAI LECK HOLDINGS LIMITED","GG7","SGX","SG1X27941084","Hai Leck",47575729,47559347,138,"SGD"
"ASIA FASHION HOLDINGS LIMITED","GH3","SGX","BMG0539Q1134","Asia Fashion",47772787,47585742,138,"SGD"
"DUKANG DISTILLERS HLDGS LTD","GJ8","SGX","BMG2860H1007","Dukang",47936318,47727122,138,"SGD"
"CHINA KUNDA TECH HOLDINGS LTD","GU5","SGX","SG1X41941300","ChinaKundaTech^",49433893,49000575,138,"SGD"
"NAM LEE PRESSED METAL INDS LTD","G0I","SGX","SG1X43941639","Nam Lee Metal",20168412,7653003,138,"SGD"
"CHASEN HOLDINGS LIMITED","5NV","SGX","SG1X55941717","Chasen",20209983,24083691,138,"SGD"
"ANWELL TECHNOLOGIES LIMITED","G5X","SGX","SG1X63941782","Anwell Tech",20116750,12963972,138,"SGD"
"KOYO INTERNATIONAL LIMITED","5OC","CATALIST","SG1X69942156","Koyo Intl",20213229,36510624,138,"SGD"
"E2-CAPITAL HOLDINGS LIMITED","5OF","CATALIST","SG1X76942223","E2-Capital",52340495,49119722,138,"SGD"
"JAPAN FOODS HOLDING LTD.","5OI","CATALIST","SG1X84942272","Japan Foods",53113133,53113130,138,"SGD"
"TEHO INTERNATIONAL INC LTD.","5OQ","CATALIST","SG1Y15944495","Teho Intl",59443842,59313638,138,"SGD"
"HEATEC JIETONG HOLDINGS LTD.","5OR","CATALIST","SG1Y31945526","Heatec Jietong",61049854,61015781,138,"SGD"
"JUBILEE INDUSTRIES HLDGS LTD.","5OS","CATALIST","SG1Y33945565","Jubilee Ind",61015914,60950874,138,"SGD"
"SINGAPORE MEDICAL GROUP LTD","5OT","CATALIST","SG1Y37945678","SingMedical",61320071,61320069,138,"SGD"
"CHINA ENVIRONMENT LTD.","5OU","SGX","SG1Y42946521","China Env",20111077,45842778,138,"SGD"
"SEROJA INVESTMENTS LIMITED","IW5","SGX","SG1Y44946602","Seroja Inv",20213218,61844673,138,"SGD"
"PEC LTD.","IX2","SGX","SG1Y45946619","PEC",61704647,60810028,138,"SGD"
"MARY CHIA HOLDINGS LIMITED","5OX","CATALIST","SG1Y51946677","Mary Chia",61792973,61767474,138,"SGD"
"CHINA STAR FOOD GROUP LIMITED","5OY","CATALIST","SG1Y54946807","China Star Food",62008464,276204839,138,"SGD"
"INCH KENNETH KAJANG RUBBER PLC","I4R","SGX","GB0004601091","Inch Kenneth",20165002,877632,138,"SGD"
"GREAT GROUP HOLDINGS LIMITED","I5H","SGX","SG1Y70948001","Great Group^",66067954,60746569,138,"SGD"
"ZIWO HOLDINGS LTD.","I9T","SGX","SG1Y74948866","Ziwo",71982605,62291460,138,"SGD"
"GOODLAND GROUP LIMITED","5PC","SGX","SG1Y75948873","Goodland",71982549,71982545,138,"SGD"
"HENGYANG PETROCHEM LOG LIMITED","5PD","CATALIST","SG1Y78948920","Hengyang Petro",72307460,49950791,138,"SGD"
"CHANGJIANG FERTILIZER HLGS LTD","JA9","SGX","SG1Y79949026","Changjiang Fert",73428410,51813247,138,"SGD"
"JASON MARINE GROUP LIMITED","5PF","CATALIST","SG1Y80949072","Jason Marine",76407700,75534134,138,"SGD"
"PLATO CAPITAL LIMITED","5PI","CATALIST","SG1Y93950240","Plato Capital",30051337,7653075,138,"SGD"
"SBI OFFSHORE LIMITED","5PL","CATALIST","SG1Y97950360","SBI Offshore",79240348,79193103,138,"SGD"
"HIAP TONG CORPORATION LTD.","5PO","CATALIST","SG1Z16951381","Hiap Tong",82018897,52167838,138,"SGD"
"HOCK LIAN SENG HOLDINGS LTD","J2T","SGX","SG1Z21951640","Hock Lian Seng",83197376,79330208,138,"SGD"
"TIGER AIRWAYS HOLDINGS LIMITED","J7X","SGX","SG1Z26952619","Tigerair",84535784,84535782,138,"SGD"
"SIN HENG HEAVY MACHINERY LTD","KF4","SGX","SG1Z33953592","Sin Heng Mach",85213013,83533019,138,"SGD"
"HU AN CABLE HOLDINGS LTD.","KI3","SGX","SG1Z40953700","Hu An Cable",91744132,83751262,138,"SGD"
"BBR HOLDINGS (S) LTD","KJ5","SGX","SG1Z42953799","BBR",20167462,4484581,138,"SGD"
"COGENT HOLDINGS LIMITED","KJ9","SGX","SG1Z45953804","Cogent",98122310,83750043,138,"SGD"
"QINGMEI GROUP HOLDINGS LIMITED","KT9","SGX","KYG730441022","Qingmei",99489958,83730027,138,"SGD"
"TTJ HOLDINGS LIMITED","K1Q","SGX","SG1Z68955660","TTJ",99987182,51591589,138,"SGD"
"CACHE LOGISTICS TRUST","K2LU","SGX","SG1Z70955880","Cache Log Trust",100455150,99718566,138,"SGD"
"DEBAO PROPERTY DEVELOPMENT LTD","K2M","SGX","SG1Z71955905","Debao Property",100537443,42626981,138,"SGD"
"CHINA MINZHONG FOOD CORP LTD","K2N","SGX","SG1Z73955945","China Minzhong",100671610,100666598,138,"SGD"
"GLOBAL PALM RESOURCES HLGS LTD","K6J","SGX","SG2A71957016","Global Palm Res",104483882,99773654,138,"SGD"
"MSM INTERNATIONAL LIMITED","5QR","CATALIST","SG2B09957087","MSM Intl",104709411,104709409,138,"SGD"
"PRUDENTIAL PLC","K6S","SGX","GB0007099541","Prudential USD",104504412,527074,160,"USD"
"CHARISMA ENERGY SERVICES LTD","5QT","CATALIST","SG2B54957198","Charisma Energy",20164075,8088036,138,"SGD"
"OUE LIMITED","LJ3","SGX","SG2B80958517","OUE",20216845,874395,138,"SGD"
"NET PACIFIC FIN HLDGS LTD","5QY","CATALIST","SG2B83959223","Net Pacific Fin",20194521,11234905,138,"SGD"
"ASIA-PACIFIC STRATEGIC INV LTD","5RA","CATALIST","SG2B89959318","APAC Strategic",36432392,36433856,138,"SGD"
"ES GROUP (HOLDINGS) LIMITED","5RC","CATALIST","SG2B91959363","ES",109041935,108912445,138,"SGD"
"LEADER ENVIRONMENTAL TECH LTD","LS9","SGX","SG2B93959478","Leader Env",109402546,108546539,138,"SGD"
"SMARTFLEX HOLDINGS LTD","5RE","CATALIST","SG2B95959500","Smartflex",109402569,109094654,138,"SGD"
"MERCURIUS CAP INVESTMENT LTD","5RF","CATALIST","SG2B96959558","Mercurius",20221926,274646849,138,"SGD"
"WE HOLDINGS LTD.","5RJ","CATALIST","SG2C00960329","WE",108391612,52139298,138,"SGD"
"ABTERRA LTD","L5I","SGX","SG2C12961455","Abterra",20216443,8081418,138,"SGD"
"PSL HOLDINGS LTD","L6T","SGX","SG2C18961723","PSL",20164289,10337792,138,"SGD"
"GLOBAL LOGISTIC PROP LIMITED","MC0","SGX","SG2C26962630","Global Logistic",114161053,113816702,138,"SGD"
"YAMADA GREEN RESOURCES LIMITED","MC7","SGX","SG2C28962695","Yamada Green Res",114114456,113337134,138,"SGD"
"MAPLETREE INDUSTRIAL TRUST","ME8U","SGX","SG2C32962814","Mapletree Ind Tr",114594951,113466343,138,"SGD"
"ANCHUN INTERNATIONAL HLDGS LTD","MF5","SGX","SG2C33962847","Anchun Intl",114652497,105911393,138,"SGD"
"MUN SIONG ENGINEERING LIMITED","MF6","SGX","SG2C34962861","Mun Siong Engg",114705206,113975744,138,"SGD"
"XINREN ALUMINUM HOLDINGS LTD","MN5","SGX","SG2C35963611","Xinren Aluminium",114899011,113932471,138,"SGD"
"BUND CENTER INVESTMENT LTD","MQ4","SGX","BMG1792W1284","Bund Center",108402920,100600513,138,"SGD"
"NORDIC GROUP LIMITED","MR7","SGX","SG2C45963924","Nordic",115486703,113643471,138,"SGD"
"NOVO GROUP LTD.","MR8","SGX","SG2C46963931","Novo^",20159187,36593384,138,"SGD"
"VARD HOLDINGS LIMITED","MS7","SGX","SG2C47963963","Vard",115621123,114653255,138,"SGD"
"DRAGON GROUP INTL LIMITED","MT1","SGX","SG2C50963991","Dragon^",20166876,882106,138,"SGD"
"MEWAH INTERNATIONAL INC.","MV4","SGX","KYG6074A1085","Mewah Intl",116049609,115095183,138,"SGD"
"SABANA SHARI'AH COMPLIANT REIT","M1GU","SGX","SG2C57965205","Sabana Reit",116582740,115380682,138,"SGD"
"INTERPLEX HOLDINGS LTD.","M1P","SGX","SG2C61965225","Interplex",116318952,113338,138,"SGD"
"TEE INTERNATIONAL LIMITED","M1Z","SGX","SG2C64965297","TEE Intl",20166845,7689735,138,"SGD"
"DUTY FREE INTERNATIONALLIMITED","5SO","CATALIST","SG2C70966271","Duty Free Intl",20120803,8210009,138,"SGD"
"ZHONGMIN BAIHUI RETAIL GRP LTD","5SR","SGX","SG2C76966531","Zhongmin Baihui",118300824,118249256,138,"SGD"
"XMH HOLDINGS LTD.","M9F","SGX","SG2C78966612","XMH",117910504,115151621,138,"SGD"
"SRI TRANG AGRO-INDUSTRY PCL","NC2","SGX","TH0254A10Z14","Sri Trang Agro",118550964,4509056,138,"SGD"
"MALAYSIA SMELTING CORP BHD 100","NC9","SGX","MYL5916OO001","MSC",118633610,879569,138,"SGD"
"FRASERS COMMERCIAL TRUST","ND8U","SGX","SG2C81967185","Frasers Com Tr",26555763,26380864,138,"SGD"
"SAPPHIRE CORPORATION LIMITED","NF1","SGX","SG2C82967234","Sapphire",20168550,10524783,138,"SGD"
"CHEW'S GROUP LIMITED","5SY","CATALIST","SG2C90967473","Chew's",127503411,127503409,138,"SGD"
"DYNA-MAC HOLDINGS LTD.","NO4","SGX","SG2C93967918","Dyna-Mac",127567598,36839319,138,"SGD"
"RAFFLES EDUCATION CORP LTD","NR7","SGX","SG2C97968151","Raffles Edu",29687681,8088266,138,"SGD"
"HUTCHISON PORT HOLDINGS TRUST","NS8U","SGX","SG2D00968206","HPH Trust USD",128224574,118415309,160,"USD"
"HOTUNG INVESTMENT HLDGS LTD","NT1","SGX","BMG4612P1095","Hotung Inv",20187377,883328,138,"SGD"
"EASTGATE TECHNOLOGY LTD","N0L","SGX","SG2D04968848","EastGate Tech",20168397,417716,138,"SGD"
"COMBINE WILL INTL HLDGS LTD","N0Z","SGX","KYG229811156","Combine Will",46001322,45835361,138,"SGD"
"MAPLETREE COMMERCIAL TRUST","N2IU","SGX","SG2D18969584","Mapletree Com Tr",130885115,128241643,138,"SGD"
"NAM CHEONG LIMITED","N4E","SGX","BMG6361R1117","Nam Cheong",20190559,113992693,138,"SGD"
"800 SUPER HOLDINGS LIMITED","5TG","CATALIST","SG2D42972083","800 Super",137292019,137292017,138,"SGD"
"KITCHEN CULTURE HOLDINGS LTD.","5TI","CATALIST","SG2D45972171","Kitchen Culture",137694975,137635498,138,"SGD"
"WEIYE HOLDINGS LIMITED","ON7","SGX","SG2D46972196","Weiye",139414122,128250480,138,"SGD"
"FAR EAST GROUP LIMITED","5TJ","CATALIST","SG2D48972988","Far East",138455592,53266091,138,"SGD"
"CENTURION CORPORATION LIMITED","OU8","SGX","SG2D51973063","Centurion",20218119,116323892,138,"SGD"
"SHENG SIONG GROUP LTD","OV8","SGX","SG2D54973185","Sheng Siong",139062658,136821806,138,"SGD"
"AVIC INTL MARITIME HLDGLIMITED","O2I","SGX","SG2D58973959","AVIC",140240977,139748723,138,"SGD"
"CHINASING INVESTMENT HLDG LTD","O2R","SGX","BMG2158U1100","ChinaSing Inv^",20210028,7654573,138,"SGD"
"AIMS AMP CAP INDUSTRIAL REIT","O5RU","SGX","SG2D63974620","AIMSAMP Cap Reit",33788464,33332526,138,"SGD"
"IEV HOLDINGS LIMITED","5TN","CATALIST","SG2D67974808","IEV",141703912,141584316,138,"SGD"
"LONZA GROUP LTD","O6Z","SGX","CH0013841017","Lonza",141802294,631759,138,"SGD"
"CNMC GOLDMINE HOLDINGS LIMITED","5TP","CATALIST","SG2D72974892","CNMC Goldmine",142008306,141942132,138,"SGD"
"PARKSON RETAIL ASIA LIMITED","O9E","SGX","SG2D81975377","Parkson Retail",142008225,130287108,138,"SGD"
"LIBRA GROUP LIMITED","5TR","CATALIST","SG2D82975475","Libra",142666086,142466452,138,"SGD"
"ALPHA ENERGY HOLDINGS LIMITED","5TS","CATALIST","SG2D85975506","Alpha Energy",142684343,142562391,138,"SGD"
"TA CORPORATION LTD","PA3","SGX","SG2D87975520","TA",143088798,140782886,138,"SGD"
"VGO CORPORATION LIMITED","PH0","SGX","SG2D90976473","VGO",143715463,11152167,138,"SGD"
"KEONG HONG HOLDINGS LIMITED","5TT","CATALIST","SG2D92977651","Keong Hong",144522728,144472240,138,"SGD"
"CHASWOOD RESOURCES HLDGS LTD.","5TW","CATALIST","SG2E59979590","ChasWood Res",172535200,82030576,138,"SGD"
"CORDLIFE GROUP LIMITED","P8A","SGX","SG2E64980112","Cordlife",183168442,173988746,138,"SGD"
"ADVANCED SYSTEMS AUTOMATION","5TY","CATALIST","SG2E65980228","Advanced Systems",20166460,2491510,138,"SGD"
"BUMITAMA AGRI LTD.","P8Z","SGX","SG2E67980267","Bumitama Agri",183683055,182998481,138,"SGD"
"CIVMEC LIMITED","P9D","SGX","SG2E68980290","Civmec",184418913,183179341,138,"SGD"
"GLOBAL PREMIUM HOTELS LIMITED","P9J","SGX","SG2E69980364","GP Hotels",204641796,183093112,138,"SGD"
"STARLAND HOLDINGS LIMITED","5UA","CATALIST","SG2E72981474","Starland",204863273,183618807,138,"SGD"
"Q & M DENTAL GROUP (S) LIMITED","QC7","SGX","SG2E73981531","Q&M Dental",81657295,47389493,138,"SGD"
"SWEE HONG LIMITED","QF6","SGX","SG2E77981776","Swee Hong",207162396,183459597,138,"SGD"
"METECH INTERNATIONAL LIMITED","QG1","CATALIST","SG2E79981816","Metech Intl",20219962,7245909,138,"SGD"
"SHC CAPITAL ASIA LIMITED","5UE","CATALIST","SG2E89982663","SHC Capital Asia",214563482,8081010,138,"SGD"
"MAXI-CASH FIN SVCS CORP LTD","5UF","CATALIST","SG2E90982678","Maxi-Cash Fin",208793594,207466684,138,"SGD"
"GLOBAL INVACOM GROUP LIMITED","QS9","SGX","SG2E91982768","G Invacom",20222319,8292750,138,"SGD"
"IHH HEALTHCARE BERHAD","Q0F","SGX","MYL5225OO007","IHH",213709476,59440835,138,"SGD"
"NEO GROUP LIMITED","5UJ","CATALIST","SG2E97983414","Neo",213716936,212651476,138,"SGD"
"ATLANTIC NAVIGATION HLDG(S)LTD","5UL","CATALIST","SG2F00983534","Atlantic Nav",214067256,27266933,138,"SGD"
"LEY CHOON GROUP HLDG LIMITED","Q0X","SGX","SG2F02983607","Ley Choon",214389316,7658272,138,"SGD"
"SINCAP GROUP LIMITED","5UN","CATALIST","SG2F03983689","Sincap",214519106,212647276,138,"SGD"
"ASCENDAS HOSPITALITY TRUST","Q1P","SGX","SG2F05983695","Ascendas-hTrust",214872916,213743912,138,"SGD"
"SYSMA HOLDINGS LIMITED","5UO","CATALIST","SG2F06984247","Sysma",214970953,213613817,138,"SGD"
"FAR EAST HOSPITALITY TRUST","Q5T","SGX","SG2F08984575","Far East HTrust",215781435,215740287,138,"SGD"
"LANTROVISION (S) LTD","Q7W","SGX","SG2F14985160","LantroVision",20213614,7652932,138,"SGD"
"P99 HOLDINGS LIMITED","5UV","CATALIST","SG2F17985415","P99",217347972,12786572,138,"SGD"
"TRIYARDS HOLDINGS LIMITED","RC5","SGX","SG2F20985956","Triyards",222487285,216128593,138,"SGD"
"COURTS ASIA LIMITED","RE2","SGX","SG2F22986069","Courts Asia",222634310,99407605,138,"SGD"
"GEO ENERGY RESOURCES LIMITED","RE4","SGX","SG2F24986083","Geo Energy Res",222916664,222812743,138,"SGD"
"OXLEY HOLDINGS LIMITED","5UX","SGX","SG2F25986140","Oxley",114977293,114977291,138,"SGD"
"RELIGARE HEALTH TRUST","RF1U","SGX","SG2F26986156","Religare HTrust",223157014,217861114,138,"SGD"
"DECLOUT LIMITED","5UZ","CATALIST","SG2F27986197","DeClout",223302101,222638153,138,"SGD"
"GAYLIN HOLDINGS LIMITED","RF7","SGX","SG2F28986253","Gaylin",223367502,217842500,138,"SGD"
"KORI HOLDINGS LIMITED","5VC","CATALIST","SG2F40988253","Kori",225057333,224496238,138,"SGD"
"LOGISTICS HOLDINGS LIMITED","5VI","CATALIST","SG2F47989262","Logistics",226293823,225358442,138,"SGD"
"HALCYON AGRI CORPORATION LTD","5VJ","SGX","SG2F48989824","Halcyon Agri",246449282,225910975,138,"SGD"
"OVERSEAS EDUCATION LIMITED","RQ1","SGX","SG2F49989922","Overseas Edu",227993400,225652609,138,"SGD"
"CHINA ENVIRONMENTAL RES GP LTD","RS1","SGX","KYG215691430","China Env Res",20212272,7687619,138,"SGD"
"MAPLETREE GREATER CHINACOMM TR","RW0U","SGX","SG2F55990442","Mapletree GCC Tr",230447205,225904221,138,"SGD"
"TOSEI CORPORATION","S2D","SGX","JP3595070008","Tosei",233410227,9124124,138,"SGD"
"GDS GLOBAL LIMITED","5VP","CATALIST","SG2F65991521","GDS Global",236369153,236208610,138,"SGD"
"OKH GLOBAL LTD.","S3N","SGX","BMG6730R1079","OKH Global",307533304,136995493,160,"USD"
"CROESUS RETAIL TRUST","S6NU","SGX","SG2F73992297","Croesus RTrust",238586037,237582562,138,"SGD"
"HAFARY HOLDINGS LIMITED","5VS","SGX","SG2F75992345","Hafary",82225381,81899917,138,"SGD"
"ASIAN PAY TELEVISION TRUST","S7OU","SGX","SG2F77993036","Asian Pay Tv Tr",240973422,115591,138,"SGD"
"SOILBUILD CONSTRUCTION GRP LTD","S7P","SGX","SG2F78993043","Soilbuild Const",240614603,239297956,138,"SGD"
"TEE LAND LIMITED","S9B","SGX","SG2F79993489","TEE Land",241177613,228881922,138,"SGD"
"ELEKTROMOTIVE GROUP LIMITED","5VU","CATALIST","SG2F80993502","Elektromotive",241309069,5669259,138,"SGD"
"INTL HEALTHWAY CORP LIMITED","5WA","CATALIST","SG2F86994413","IHC",241422519,241422517,138,"SGD"
"PS GROUP HOLDINGS LTD.","5WD","CATALIST","SG2F90994508","PS Group",242616601,241857011,138,"SGD"
"MOYA HOLDINGS ASIA LIMITED","5WE","CATALIST","SG2F94994512","Moya Asia",242761040,233368590,138,"SGD"
"ISOTEAM LTD.","5WF","CATALIST","SG2F95994529","ISOTeam",242573861,242081742,138,"SGD"
"KRISENERGY LTD.","SK3","SGX","KYG532261099","KrisEnergy",242497691,64788676,138,"SGD"
"SINGAPORE KITCHEN EQUIPMENTLTD","5WG","CATALIST","SG2F97994568","SingaporeKitchen",243195274,242267386,138,"SGD"
"SPH REIT","SK6U","SGX","SG2G02994595","SPHREIT",243370590,241389153,138,"SGD"
"OUE HOSPITALITY TRUST","SK7","SGX","SG2G03994610","OUE HTrust",243427455,242700040,138,"SGD"
"REX INTERNATIONAL HOLDING LTD","5WH","CATALIST","SG2G04994999","Rex Intl",243673181,242323891,138,"SGD"
"MONEYMAX FINANCIAL SERVICESLTD","5WJ","CATALIST","SG2G06995143","MoneyMax Fin",243778451,242202013,138,"SGD"
"SOILBUILD BUSINESS SPACE REIT","SV3U","SGX","SG2G07995670","SoilbuildBizReit",244335703,243878884,138,"SGD"
"XYEC HOLDINGS CO., LTD.","5WR","CATALIST","JP3386480002","Xyec",246798644,182333435,138,"SGD"
"SINO GRANDNESS FOOD IND GP LTD","T4B","SGX","SG2G19997136","Sino Grandness",79739635,51949654,138,"SGD"
"COMPACT METAL INDUSTRIES LTD","T4E","SGX","SG2G22997172","Compact Metal^",20164369,4508788,138,"SGD"
"ASIAPHOS LIMITED","5WV","CATALIST","SG2G24997246","AsiaPhos",247683945,245218380,138,"SGD"
"VALUEMAX GROUP LIMITED","T6I","SGX","SG2G29997704","ValueMax",248740454,247571281,138,"SGD"
"VIVA INDUSTRIAL TRUST","T8B","SGX","SG2G31998161","Viva Ind Tr",249215813,248343813,138,"SGD"
"SAIZEN REAL ESTATE INV TRUST","T8JU","SGX","SG2G35998266","Saizen Reit",38547470,37790522,138,"SGD"
"FIGTREE HOLDINGS LIMITED","5F4","CATALIST","SG2G36998349","Figtree",249906738,248289989,138,"SGD"
"PACIFIC RADIANCE LTD.","T8V","SGX","SG2G39998387","Pacific Radiance",250399736,35133351,138,"SGD"
"WILTON RESOURCES CORP LIMITED","5F7","CATALIST","SG2G45999965","Wilton Resources",20290681,142330331,138,"SGD"
"AAT CORPORATION LIMITED","TF7","SGX","AU000000AAT3","AAT",20210938,4481336,138,"SGD"
"LINC ENERGY LTD","TI6","SGX","AU000000LNC9","Linc Energy",253037920,21787291,138,"SGD"
"FRASERS CENTREPOINT LIMITED","TQ5","SGX","SG2G52000004","Frasers Cpt",253552330,4481121,138,"SGD"
"EUROSPORTS GLOBAL LIMITED","5G1","CATALIST","SG2G55000001","EuroSports Gbl",254142810,252744510,138,"SGD"
"KIMHENG OFFSHORE&MARINE HLDLTD","5G2","CATALIST","SG2G57000009","KimHeng Offshore",254403837,253637639,138,"SGD"
"OUE COMMERCIAL REIT","TS0U","SGX","SG2G60000004","OUE Com Reit",254544465,251891339,138,"SGD"
"TALKMED GROUP LIMITED","5G3","CATALIST","SG2G61000003","TalkMed",254910257,253637306,138,"SGD"
"INFINIO GROUP LIMITED","5G4","CATALIST","SG2G63000001","Infinio",20214521,9394447,138,"SGD"
"TRITECH GROUP LIMITED","5G9","CATALIST","SG2G71000001","Tritech",47522163,47229493,138,"SGD"
"SINGHAIYI GROUP LTD.","5H0","CATALIST","SG2G73000009","SingHaiyi",20219893,7652777,138,"SGD"
"QT VASCULAR LTD.","5I0","CATALIST","SG2G82000008","QT Vascular",262452554,261279063,138,"SGD"
"PACC OFFSHORE SVCS HLDG LTD.","U6C","SGX","SG2G83000007","POSH",262354481,49857869,138,"SGD"
"KOP LIMITED","5I1","CATALIST","SG2G85000005","KOP",26339760,104811162,138,"SGD"
"JASON HOLDINGS LIMITED","5I3","CATALIST","SG2G86000004","JasonHldg",217296015,212804465,138,"SGD"
"ICP LTD","5I4","CATALIST","SG2G87000003","ICP Ltd",20191712,1023099,138,"SGD"
"CHINA EVERBRIGHT WATER LIMITED","U9E","SGX","BMG2116Y1057","China Everbright",20178088,253611230,138,"SGD"
"SUNMOON FOOD COMPANY LIMITED","AAJ","SGX","SG1AA2000004","SunMoonFood",20166715,8543328,138,"SGD"
"SMJ INTERNATIONAL HOLDINGSLTD.","40B","CATALIST","SG1AA4000002","SMJ Intl",266666297,265486622,138,"SGD"
"FRASERS HOSPITALITY TRUST","ACV","SGX","SG1AA5000001","Frasers HTrust",268273207,266404973,138,"SGD"
"CHIWAYLAND INTERNATIONAL LTD","ACW","SGX","SG1AA6000000","Chiwayland Intl",34688704,183634578,138,"SGD"
"STARBURST HOLDINGS LIMITED","40D","CATALIST","SG1AA7000009","Starburst",267431263,266245372,138,"SGD"
"OLS ENTERPRISE LTD.","ADJ","CATALIST","SG1AA8000008","OLS",20210363,34534866,138,"SGD"
"FIRST SPONSOR GROUP LIMITED","ADN","SGX","KYG3488W1078","First Sponsor",264875914,117859900,138,"SGD"
"SPACKMAN ENTERTAINMENT GRP LTD","40E","CATALIST","SG1AB0000004","Spackman",268435337,144730698,138,"SGD"
"ALLIANCE MINERAL ASSETSLIMITED","40F","CATALIST","AU0000XINEV7","Alliance Mineral",268874288,266871983,138,"SGD"
"SWISSCO HOLDINGS LIMITED","ADP","SGX","SG1AB2000002","Swissco Hldg",268423706,20334028,138,"SGD"
"TERRATECH GROUP LIMITED","40I","CATALIST","KYG8763X1007","Terratech",268439746,247106876,138,"SGD"
"ACCORDIA GOLF TRUST","ADQU","SGX","SG1AB5000009","Accordia Golf Tr",269026698,267094243,138,"SGD"
"YUUZOO CORPORATION LIMITED","AFC","SGX","BMG9884X1020","Yuuzoo",25068641,45239767,138,"SGD"
"IREIT GLOBAL","UD1U","SGX","SG1AB8000006","IREIT Global",269842473,268404561,138,"SGD"
"JAPFA LTD.","UD2","SGX","SG1AB9000005","Japfa",269321679,269321677,138,"SGD"
"PTERIS GLOBAL LIMITED","UD3","CATALIST","SG1AC0000002","PterisGlobal",270093653,30833778,138,"SGD"
"VERSALINK HOLDINGS LIMITED","40N","CATALIST","SG1AC9000003","Versalink",272442512,270833578,138,"SGD"
"EMAS OFFSHORE LIMITED","UQ4","SGX","SG1AD2000008","EMAS Offshore",273546111,268054902,138,"SGD"
"BLUE SKY POWER HOLDINGSLIMITED","UQ7","SGX","BMG135981188","BlueSkyPower",34225917,33449047,138,"SGD"
"SERRANO LIMITED","40R","CATALIST","SG1AD7000003","Serrano",274657449,274163630,138,"SGD"
"PERENNIAL REAL ESTATE HLDGSLTD","40S","SGX","SG1AD8000002","Perennial Hldgs",274660114,37096856,138,"SGD"
"ISEC HEALTHCARE LTD.","40T","CATALIST","SG1AD9000001","ISEC",274911138,274163539,138,"SGD"
"REGAL INTERNATIONAL GROUP LTD.","UV1","SGX","SG1AE0000008","Regal Intl",44310974,243551921,138,"SGD"
"MS HOLDINGS LIMITED","40U","CATALIST","SG1AE1000007","MS Hldgs",275755034,274425051,138,"SGD"
"SINGAPORE EDEVELOPMENT LTD","40V","CATALIST","SG1AE2000006","Singapore-eDev",108898481,108756311,138,"SGD"
"ZICO HOLDINGS INC.","40W","CATALIST","MYA007968003","ZICO Hldgs",275755661,274728063,138,"SGD"
"THE HOUR GLASS LIMITED","AGS","SGX","SG1AE9000009","TheHourGlass",20218741,878905,138,"SGD"
"UG HEALTHCARE CORPORATION LTD","41A","CATALIST","SG1AF1000004","UG Healthcare",278908513,276762827,138,"SGD"
"HUATIONG GLOBAL LIMITED","41B","CATALIST","SG1AF2000003","Huationg Global",278912059,276632813,138,"SGD"
"MM2 ASIA LTD.","41C","CATALIST","SG1AF4000001","MM2 Asia",279090493,276598934,138,"SGD"
"IFAST CORPORATION LTD.","AIY","SGX","SG1AF5000000","IFAST",279194437,44227288,138,"SGD"
"KEPPEL DC REIT","AJBU","SGX","SG1AF6000009","Keppel DC Reit",279356962,279969330,138,"SGD"
"AMPLEFIELD LIMITED","AOF","SGX","SG1AG0000003","Amplefield Ltd^",20217347,7687702,138,"SGD"
"GSS ENERGY LIMITED","41F","CATALIST","SG1AG6000007","GSS Energy",282937262,878465,138,"SGD"
"BLACKGOLD NATURAL RESOURCESLTD","41H","CATALIST","SG1AH0000001","BlackGoldNatural",286612699,233620956,138,"SGD"
"COURAGE MARINE GROUP LIMITED","ATL","SGX","BMG2535T2089","Courage Marine",24268829,23776097,138,"SGD"
"THE STRATECH GROUP LIMITED","ATN","SGX","SG1AH6000005","StratechGroup",289910782,544115,138,"SGD"
"LHN LIMITED","41O","CATALIST","SG1AH9000002","LHN",290286179,288888417,138,"SGD"
"GOLDEN ENERGY AND RESOURCESLTD","AUE","SGX","SG1AI1000008","Golden Energy",20159214,126889023,138,"SGD"
"MAGNUS ENERGY GROUP LTD.","41S","CATALIST","SG1AI2000007","Magnus Energy",20215375,8080537,138,"SGD"
"BOUSTEAD PROJECTS LIMITED","AVM","SGX","SG1AI3000006","Boustead Proj",291121150,23726686,138,"SGD"
"GCCP RESOURCES LIMITED","41T","CATALIST","KYG377411080","GCCP",292750609,287592114,138,"SGD"
"CEI CONTRACT MANUFACTURING LTD","AVV","SGX","SG1AI5000004","CEI Contract Mfg",20164532,7657902,138,"SGD"
"HL GLOBAL ENTERPRISES LIMITED","AVX","SGX","SG1AI6000003","HL Global Ent^",20158893,8081299,138,"SGD"
"AZTECH GROUP LTD.","AVZ","SGX","SG1AI7000002","Aztech",20206761,878950,138,"SGD"
"LINDETEVES-JACOBERG LTD","AWC","SGX","SG1AI8000001","L-Jacoberg",293297618,1478966,138,"SGD"
"SP CORPORATION LIMITED","AWE","SGX","SG1AJ0000007","SP Corp",20223289,4497151,138,"SGD"
"AEI CORPORATION LTD","AWG","SGX","SG1AJ1000006","AEI",20178057,10930302,138,"SGD"
"THAKRAL CORPORATION LTD","AWI","SGX","SG1AJ2000005","Thakral",20195336,881567,138,"SGD"
"FUXING CHINA GROUP LIMITED","AWK","SGX","BMG3705H2069","Fuxing China",36892472,37089288,138,"SGD"
"SHANGHAI TURBO ENTERPRISES LTD","AWM","SGX","KYG8064W1160","Shanghai Turbo",25497651,24768019,138,"SGD"
"MIRACH ENERGY LIMITED","AWO","SGX","SG1AJ5000002","Mirach Energy",20111075,11016252,138,"SGD"
"A-SONIC AEROSPACE LIMITED","AWQ","SGX","SG1AJ6000001","A-Sonic Aero",20217139,8292720,138,"SGD"
"GLOBAL YELLOW PAGES LIMITED","AWS","SGX","SG1AJ7000000","GlobalYellowPgs",20144383,9749730,138,"SGD"
"CAPTII LIMITED","AWV","SGX","SG1BA0000004","Captii",20178101,9286764,138,"SGD"
"AEM HOLDINGS LTD","AWX","SGX","SG1BA1000003","AEM",20210671,8086209,138,"SGD"
"MULTI-CHEM LIMITED","AWZ","SGX","SG1BA2000002","Multi-Chem",20216034,8087558,138,"SGD"
"YONGNAM HOLDINGS LIMITED","AXB","SGX","SG1BA3000001","Yongnam",20168432,3351865,138,"SGD"
"ADV INTEGRATED MFG CORP LTD","AXH","SGX","SG1BA5000009","AIM",22428493,22354866,138,"SGD"
"GMG GLOBAL LTD","AXJ","SGX","SG1BA6000008","GMG Global",20215613,11235782,138,"SGD"
"CHINA FIBRETECH LTD.","AXL","SGX","BMG215452001","China Fibretech",46361785,46131118,138,"SGD"
"CHANGTIAN PLASTIC & CHEM LTD","AXV","SGX","BMG210A22019","ChangtianPlastic",38836130,37612850,138,"SGD"
"LI HENG CHEM FIBRE TECH LTD","AXZ","SGX","BMG5487Z1142","Li Heng Chem",39624877,39636330,138,"SGD"
"LAFE CORPORATION LIMITED","AYB","SGX","BMG5352E1479","Lafe",20209481,2206826,138,"SGD"
"PLASTOFORM HOLDINGS LIMITED","AYD","SGX","BMG712312062","Plastoform",29560475,28820674,138,"SGD"
"UNI-ASIA HOLDINGS LIMITED","AYF","SGX","KYG9241B1169","Uni-Asia",36264161,36250614,138,"SGD"
"STAR PHARMACEUTICAL LIMITED","AYL","SGX","SG1BB3000009","Star Pharm",25936707,9935189,138,"SGD"
"GLOBAL TESTING CORPORATION LTD","AYN","SGX","SG1BB4000008","Global Testing",23599153,23183171,138,"SGD"
"ACMA LTD.","AYV","SGX","SG1BB6000006","Acma",302360568,874288,138,"SGD"
"SINGAPORE O&G LTD.","41X","CATALIST","SG1BB7000005","Singapore O&G",302768887,301107757,138,"SGD"
"IPC CORPORATION LIMITED","AZA","SGX","SG1BB8000004","IPC Corp",302768788,879837,138,"SGD"
"8TELECOM INTL HOLDINGS CO LTD","AZG","SGX","BMG3087Y2074","8Telecom",303005843,10902975,138,"SGD"
"AUSNET SERVICES LTD","AZI","SGX","AU000000AST5","AusNetServices",303107641,24915054,138,"SGD"
"UNITED FOOD HOLDINGS LIMITED","AZR","SGX","BMG9232V2045","United Food",20166762,6257676,138,"SGD"
"NUTRYFARM INTERNATIONAL LTD","AZT","SGX","BMG6700D1048","NutryFarm",303677903,7658174,138,"SGD"
"CHINA TAISAN TECH GRP HLDGSLTD","AZW","SGX","SG1BC5000005","China Taisan",45463644,45305937,138,"SGD"
"PAN OCEAN CO., LTD.","AZY","SGX","KR7028670008","Pan Ocean",23000507,22934121,138,"SGD"
"CHINA GAOXIAN FIBREFAB HLDGLTD","AZZ","SGX","SG1BC7000003","China Gaoxian",64711078,60810382,138,"SGD"
"JACKS INTERNATIONAL LIMITED","BAC","SGX","SG1BC8000002","Jacks Intl",20209782,9429972,138,"SGD"
"S I2I LIMITED","BAI","SGX","SG1BD0000008","S i2i^",20158493,95272,138,"SGD"
"LION ASIAPAC LTD","BAZ","SGX","SG1BD6000002","Lion Asiapac",20177623,878732,138,"SGD"
"IX BIOPHARMA LTD.","42C","CATALIST","SG1BD9000009","IX Biopharma",306741957,305033222,138,"SGD"
"HOR KEW CORPORATION LIMITED","BBP","SGX","SG1BE0000006","Hor Kew",20209570,7652837,138,"SGD"
"NAUTICAWT LIMITED","42D","CATALIST","SG1BE2000004","NauticAWT",306975473,306716134,138,"SGD"
"WHITE ORCHID FUND","BBT","SGX","SG1BE4000002","White Orchid Fund S",307172041,307172039,138,"SGD"
"CHOO CHIANG HOLDINGS LTD.","42E","CATALIST","SG1BE5000001","Choo Chiang",307437490,306777948,138,"SGD"
"AZEUS SYSTEMS HOLDINGS LTD.","BBW","SGX","BMG075391109","Azeus",307121118,12096876,138,"SGD"
"CHINA YUANBANG PROP HLDGS LTD","BCD","SGX","BMG2159Z2094","China Yuanbang",34065666,34072506,138,"SGD"
"QIAN HU CORPORATION LIMITED","BCV","SGX","SG1BE8000008","Qian Hu",20191243,7653103,138,"SGD"
"CHINA FLEXIBLE PACK HLDG LTD","BCX","SGX","BMG2108U1119","China Flexpack",20178059,9648112,138,"SGD"
"POWERMATIC DATA SYSTEMS LTD","BCY","SGX","SG1BF0000003","Powermatic Data",307921226,878695,138,"SGD"
"TRAVELITE HOLDINGS LTD.","BCZ","SGX","SG1BF1000002","Travelite",307921984,34241376,138,"SGD"
"PNE INDUSTRIES LTD","BDA","SGX","SG1BF2000001","PNE Industries",20216320,7658185,138,"SGD"
"EXCELPOINT TECHNOLOGY LTD","BDF","SGX","SG1BF4000009","Excelpoint",308269053,9393039,138,"SGD"
"EASTERN HOLDINGS LTD","BDG","SGX","SG1BF5000008","Eastern",308385052,7652719,138,"SGD"
"RYOBI KISO HOLDINGS LTD.","BDN","SGX","SG1BF6000007","Ryobi Kiso",84677261,83035551,138,"SGD"
"WILLAS-ARRAY ELEC (HLDGS) LTD","BDR","SGX","BMG9643L1349","Willas-Array",20191499,8333033,138,"SGD"
"CMC INFOCOMM LIMITED","42F","CATALIST","SG1BF8000005","CMC Infocomm",308587454,307180814,138,"SGD"
"FEDERAL INT(2000) LTD","BDU","SGX","SG1BF9000004","Federal Int",308895165,8081379,138,"SGD"
"FISCHER TECH LTD","BDV","SGX","SG1BG0000001","Fischer Tech",309485417,7658469,138,"SGD"
"GSH CORPORATION LIMITED","BDX","SGX","SG1BG1000000","GSH",20194748,9240205,138,"SGD"
"SOO KEE GROUP LTD.","42G","CATALIST","SG1BG2000009","Soo Kee",307190730,306774250,138,"SGD"
"BRC ASIA LIMITED","BEC","SGX","SG1BG3000008","BRC Asia",20187881,7657712,138,"SGD"
"CHINA INTERNATIONAL HLDGS LTD","BEH","SGX","BMG2113G2068","China Intl",309405326,8274365,138,"SGD"
"LHT HOLDINGS LIMITED","BEI","SGX","SG1BG5000006","LHT",20215316,7658143,138,"SGD"
"OTTO MARINE LIMITED","BER","SGX","SG1BG7000004","Otto Marine",51147774,48680529,138,"SGD"
"INDIABULLS PROPERTIES INVTRUST","BESU","SGX","SG1BG8000003","Indiabulls Trust",45813806,45530763,138,"SGD"
"SWING MEDIA TECHNOLOGY GRP LTD","BEV","SGX","BMG8609Q2775","Swing Media Tech",20218801,7689794,138,"SGD"
"JB FOODS LIMITED","BEW","SGX","SG1BH1000008","JB Foods",214325512,211171494,138,"SGD"
"LERENO BIO-CHEM LTD.","42H","CATALIST","SG1BH3000006","Lereno Bio-Chem",20209522,7652960,138,"SGD"
"TIONG SENG HOLDINGS LIMITED","BFI","SGX","SG1BH4000005","Tiong Seng",100705494,98902800,138,"SGD"
"PHARMESIS INTERNATIONAL LTD.","BFK","SGX","SG1BH6000003","Pharmesis Intl",20106876,12005691,138,"SGD"
"FABCHEM CHINA LIMITED","BFT","SGX","SG1BH7000002","Fabchem China",26686477,26287288,138,"SGD"
"TYE SOON LTD","BFU","SGX","SG1BH8000001","Tye Soon",20195393,8089768,138,"SGD"
"SWIBER HOLDINGS LIMITED","BGK","SGX","SG1BI1000006","Swiber",30051332,29930618,138,"SGD"
"UNIVERSAL RESOURCE & SVCS LTD","BGO","SGX","SG1BI3000004","Universal Res",24656735,24083880,138,"SGD"
"TLV HOLDINGS LIMITED","42L","CATALIST","SG1BI4000003","TLV",311081161,310568357,138,"SGD"
"CHINA MINING INTERNATIONAL LTD","BHD","SGX","KYG211721207","China Mining",26591694,26491779,138,"SGD"
"TOP GLOBAL LIMITED","BHO","SGX","SG1BI9000008","Top Global",20191467,7665318,138,"SGD"
"IPS SECUREX HOLDINGS LIMITED","42N","CATALIST","SG1BJ0000005","IPS Securex",266666338,264576007,138,"SGD"
"SUNNINGDALE TECH LTD","BHQ","SGX","SG1BJ1000004","Sunningdale Tech",20159200,9221902,138,"SGD"
"PT Astra Agro Lestari Tbk","AALI","JKSE",,,20212308,4509052,69,"IDR"
"Astra International tbk PT","ASII","JKSE",,,20191038,706870,69,"IDR"
"PT Bank Central Asia Tbk","BBCA","JKSE",,,20111183,1945186,69,"IDR"
"PT Bank Negara Indonesia (Persero) Tbk.","BBNI","JKSE",,,22033683,882643,69,"IDR"
"PT Bank Rakyat Indonesia (Persero) Tbk","BBRI","JKSE",,,20159437,8391292,69,"IDR"
"PT Bank Danamon Indonesia, Tbk.","BDMN","JKSE",,,20179772,8087499,69,"IDR"
"PT Bank Mandiri (Persero) Tbk","BMRI","JKSE",,,20222365,8387507,69,"IDR"
"PT Bumi Serpong Damai Tbk","BSDE","JKSE",,,45585305,25391974,69,"IDR"
"PT Charoen Pokphand Indonesia Tbk","CPIN","JKSE",,,20210722,2481327,69,"IDR"
"PT Elang Mahkota Teknologi Tbk","EMTK","JKSE",,,84145704,59185901,69,"IDR"
"PT XL Axiata Tbk","EXCL","JKSE",,,24011674,766451,69,"IDR"
"PT Gudang Garam Tbk","GGRM","JKSE",,,20160460,6388015,69,"IDR"
"Hanjaya Mandala Sampoerna tbk PT","HMSP","JKSE",,,20218279,878418,69,"IDR"
"PT Indofood CBP Sukses Makmur Tbk","ICBP","JKSE",,,113895573,84154938,69,"IDR"
"PT Vale Indonesia Tbk","INCO","JKSE",,,20114340,877130,69,"IDR"
"PT Indofood Sukses Makmur Tbk","INDF","JKSE",,,20210070,879610,69,"IDR"
"Indocement Tunggal Prakarsa tbk PT","INTP","JKSE",,,20219082,875967,69,"IDR"
"Pt Jasa Marga (Persero) Tbk","JSMR","JKSE",,,38411331,13634014,69,"IDR"
"PT Kalbe Farma Tbk","KLBF","JKSE",,,20177708,878664,69,"IDR"
"PT Matahari Department Store Tbk","LPPF","JKSE",,,20216904,9648109,69,"IDR"
"PT Mitra Keluarga Karyasehat TBK","MIKA","JKSE",,,286736403,286399946,69,"IDR"
"PT Media Nusantara Citra Tbk","MNCN","JKSE",,,35147135,20726748,69,"IDR"
"PT Perusahaan Gas Negara (Persero) TBK","PGAS","JKSE",,,20222686,5824853,69,"IDR"
"PT Surya Citra Media Tbk","SCMA","JKSE",,,20219656,9639309,69,"IDR"
"PT Semen Indonesia (Persero) Tbk","SMGR","JKSE",,,20217502,877933,69,"IDR"
"PT Tower Bersama Infrastructure Tbk","TBIG","JKSE",,,114589908,114589905,69,"IDR"
"PT Telekomunikasi Indonesia Tbk","TLKM","JKSE",,,20114229,400368,69,"IDR"
"PT Sarana Menara Nusantara Tbk","TOWR","JKSE",,,99201027,99201025,69,"IDR"
"PT United Tractors Tbk","UNTR","JKSE",,,20209517,877021,69,"IDR"
"PT Unilever Indonesia Tbk","UNVR","JKSE",,,20217038,6140557,69,"IDR"
"Aeon Co. (M) Bhd","AEON","KLSE",,,20214211,882721,111,"MYR"
"Affin Holdings Bhd","AFFIN","KLSE",,,20166505,876910,111,"MYR"
"Alliance Financial Group Berhad","AFG","KLSE",,,20242591,875344,111,"MYR"
"AirAsia Berhad","AIRASIA","KLSE",,,20116594,6163432,111,"MYR"
"Malaysia Airports Holdings Bhd","AIRPORT","KLSE",,,20168692,6463218,111,"MYR"
"AMMB Holdings Berhad","AMBANK","KLSE",,,20241249,8178907,111,"MYR"
"Bumi Armada Berhad","ARMADA","KLSE",,,136859732,882547,111,"MYR"
"Astro Malaysia Holdings Berhad","ASTRO","KLSE",,,20217320,9587130,111,"MYR"
"Axiata Group Berhad","AXIATA","KLSE",,,44153380,8982773,111,"MYR"
"British American Tobacco Malaysia Bhd","BAT","KLSE",,,20242957,874830,111,"MYR"
"BIMB Holdings Berhad","BIMB","KLSE",,,20206985,5854102,111,"MYR"
"Berjaya Sports Toto Berhad","BJTOTO","KLSE",,,20166527,878066,111,"MYR"
"Batu Kawan Berhad","BKAWAN","KLSE",,,20184962,875690,111,"MYR"
"Boustead Holdings Bhd","BSTEAD","KLSE",,,20168101,874012,111,"MYR"
"Bursa Malaysia Berhad","BURSA","KLSE",,,20837293,12825224,111,"MYR"
"CIMB Group Holdings Berhad","CIMB","KLSE",,,20179834,11132372,111,"MYR"
"Cahya Mata Sarawak Bhd","CMSB","KLSE",,,20168501,876845,111,"MYR"
"Dialog Group Berhad","DIALOG","KLSE",,,20115474,4509042,111,"MYR"
"DiGi.Com Berhad","DIGI","KLSE",,,20185046,4484556,111,"MYR"
"Fraser & Neave Holdings Bhd","F&N","KLSE",,,20194043,879218,111,"MYR"
"Felda Global Ventures Holdings Berhad","FGV","KLSE",,,204777054,79012786,111,"MYR"
"Guinness Anchor Berhad","GAB","KLSE",,,20213402,875966,111,"MYR"
"Gamuda Bhd","GAMUDA","KLSE",,,20160162,879147,111,"MYR"
"Genting Malaysia Berhad","GENM","KLSE",,,33583677,877132,111,"MYR"
"Genting Plantations Berhad","GENP","KLSE",,,20206625,875448,111,"MYR"
"Genting Berhad","GENTING","KLSE",,,33583567,873942,111,"MYR"
"Hap Seng Consolidated Berhad","HAPSENG","KLSE",,,20191265,874975,111,"MYR"
"Hartalega Holdings Berhad","HARTA","KLSE",,,43575562,35158565,111,"MYR"
"Hong Leong Bank Berhad","HLBANK","KLSE",,,20192327,879367,111,"MYR"
"Hong Leong Financial Group Berhad","HLFG","KLSE",,,20242318,878195,111,"MYR"
"IGB Real Estate Investment Trust","IGBREIT","KLSE",,,216840680,215188133,111,"MYR"
"IHH Healthcare Berhad","IHH","KLSE",,,209181555,59440835,111,"MYR"
"IJM Corporation Berhad","IJM","KLSE",,,20242349,875864,111,"MYR"
"IOI Corp.Bhd","IOICORP","KLSE",,,34566951,877893,111,"MYR"
"IOI Properties Group Berhad","IOIPG","KLSE",,,252894811,239953501,111,"MYR"
"KLCC Real Estate Investment Trust","KLCC","KLSE",,,238433169,224663702,111,"MYR"
"Kuala Lumpur Kepong Berhad","KLK","KLSE",,,20242442,873965,111,"MYR"
"Kossan Rubber Industries Bhd","KOSSAN","KLSE",,,20214047,4481738,111,"MYR"
"KPJ Healthcare Bhd","KPJ","KLSE",,,20188703,879711,111,"MYR"
"Lafarge Malaysia Berhad","LAFMSIA","KLSE",,,20242574,875029,111,"MYR"
"LPI Capital Bhd","LPI","KLSE",,,20159105,4497465,111,"MYR"
"Malakoff Corporation Berhad","MALAKOF","KLSE",,,20194042,875114,111,"MYR"
"Maxis Berhad","MAXIS","KLSE",,,79054572,69537573,111,"MYR"
"Malayan Banking Berhad","MAYBANK","KLSE",,,20242570,874260,111,"MYR"
"Malaysia Building Society Bhd","MBSB","KLSE",,,20194048,4509961,111,"MYR"
"MISC Berhad","MISC","KLSE",,,20194055,874986,111,"MYR"
"MMC Corporation Bhd","MMCCORP","KLSE",,,20242578,875429,111,"MYR"
"Nestl (Malaysia) Berhad","NESTLE","KLSE",,,20120996,5875190,111,"MYR"
"Oriental Holdings Bhd","ORIENT","KLSE",,,20216772,875076,111,"MYR"
"Pavilion Real Estate Investment Trust","PAVREIT","KLSE",,,144037669,141947183,111,"MYR"
"Public Bank Berhad","PBBANK","KLSE",,,20109329,875044,111,"MYR"
"Petronas Chemicals Group Berhad","PCHEM","KLSE",,,115369245,113024933,111,"MYR"
"Petronas Dagangan Bhd","PETDAG","KLSE",,,20217261,879299,111,"MYR"
"Petronas Gas Bhd","PETGAS","KLSE",,,20159258,880116,111,"MYR"
"PPB Group Berhad","PPB","KLSE",,,20242828,874576,111,"MYR"
"QL Resources Berhad","QL","KLSE",,,20108738,5579676,111,"MYR"
"RHB Capital Berhad","RHBCAP","KLSE",,,20241896,879410,111,"MYR"
"Sime Darby Berhad","SIME","KLSE",,,39341254,38326431,111,"MYR"
"SapuraKencana Petroleum Berhad","SKPETRO","KLSE",,,182411252,3606442,111,"MYR"
"S P Setia Berhad","SPSETIA","KLSE",,,20223547,2482172,111,"MYR"
"Sunway Real Estate Investment Trust","SUNREIT","KLSE",,,108714625,105322118,111,"MYR"
"Sunway Berhad","SUNWAY","KLSE",,,139188941,116206338,111,"MYR"
"Tenaga Nasional Berhad","TENAGA","KLSE",,,20179222,877964,111,"MYR"
"Telekom Malaysia Berhad","TM","KLSE",,,20223533,877117,111,"MYR"
"UEM Sunrise Berhad","UEMS","KLSE",,,50843148,51025880,111,"MYR"
"UMW Holdings Bhd","UMW","KLSE",,,20243154,875727,111,"MYR"
"United Plantations Bhd","UTDPLT","KLSE",,,20178188,875078,111,"MYR"
"Westports Holdings Berhad","WPRTS","KLSE",,,247145481,6113820,111,"MYR"
"YTL Corporation Berhad","YTL","KLSE",,,20242317,878469,111,"MYR"
"YTL Power International Berhad","YTLPOWR","KLSE",,,20117635,882573,111,"MYR"
"Ayala Corp.","AC","PSE",,,20185089,878942,124,"PHP"
"Aboitiz Equity Ventures Inc.","AEV","PSE",,,20206757,881457,124,"PHP"
"Alliance Global Group Inc.","AGI","PSE",,,20190730,1505220,124,"PHP"
"Ayala Land, Inc.","ALI","PSE",,,20167829,878755,124,"PHP"
"Aboitiz Power Corp.","AP","PSE",,,35326423,30854892,124,"PHP"
"BDO Unibank, Inc.","BDO","PSE",,,20159126,8841559,124,"PHP"
"Bank of the Philippine Islands","BPI","PSE",,,20206952,883307,124,"PHP"
"DMCI Holdings, Inc.","DMC","PSE",,,20187889,881697,124,"PHP"
"Energy Development Corporation","EDC","PSE",,,30611150,13064343,124,"PHP"
"Emperador Inc.","EMP","PSE",,,142651026,32677790,124,"PHP"
"Globe Telecom Inc.","GLO","PSE",,,20210100,3560647,124,"PHP"
"GT Capital Holdings, Inc.","GTCAP","PSE",,,182687858,163809709,124,"PHP"
"International Container Terminal Services Inc.","ICT","PSE",,,20164782,777110,124,"PHP"
"Jollibee Foods Corp.","JFC","PSE",,,20219132,881056,124,"PHP"
"JG Summit Holdings, Inc.","JGS","PSE",,,20165073,878735,124,"PHP"
"LT Group, Inc.","LTG","PSE",,,20194353,9708992,124,"PHP"
"Metropolitan Bank & Trust Company","MBT","PSE",,,20158836,874909,124,"PHP"
"Megaworld Corporation","MEG","PSE",,,20194231,880159,124,"PHP"
"Manila Electric Co.","MER","PSE",,,36561681,874451,124,"PHP"
"Metro Pacific Investments Corporation","MPI","PSE",,,30743253,874899,124,"PHP"
"PAL Holdings, Inc.","PAL","PSE",,,20185021,9329903,124,"PHP"
"Puregold Price Club, Inc.","PGOLD","PSE",,,140111960,34643947,124,"PHP"
"Robinsons Land Corp.","RLC","PSE",,,20223108,878767,124,"PHP"
"Robinsons Retail Holdings, Inc.","RRHI","PSE",,,248042628,51829569,124,"PHP"
"Semirara Mining and Power Corporation","SCC","PSE",,,20190732,10175792,124,"PHP"
"SM Investments Corp.","SM","PSE",,,24485105,11970279,124,"PHP"
"San Miguel Corporation","SMC","PSE",,,20195073,692709,124,"PHP"
"SM Prime Holdings Inc.","SMPH","PSE",,,20197781,882388,124,"PHP"
"Universal Robina Corporation","URC","PSE",,,20178243,880078,124,"PHP"
"Advanced Info Service Public Company Limited","ADVANC","SET",,,20218619,409324,149,"THB"
"Airports of Thailand Public Company Limited","AOT","SET",,,20178116,9681501,149,"THB"
"Banpu Public Company Limited","BANPU","SET",,,20206949,877200,149,"THB"
"Bank of Ayudhya Public Company Limited","BAY","SET",,,20206976,874929,149,"THB"
"Bangkok Bank Public Co. Ltd.","BBL","SET",,,20206992,874075,149,"THB"
"Bangchak Petroleum Public Co. Ltd.","BCP","SET",,,20206953,882231,149,"THB"
"Bangkok Dusit Medical Services Public Company Limited","BDMS","SET",,,20113808,879440,149,"THB"
"BEC World Public Company Limited","BEC","SET",,,20177724,882594,149,"THB"
"Bumrungrad Hospital Public Company Limited","BH","SET",,,20106319,8087546,149,"THB"
"Big C Supercenter Public Company Ltd.","BIGC","SET",,,20195140,4508791,149,"THB"
"Berli Jucker Public Co. Ltd.","BJC","SET",,,20212377,875017,149,"THB"
"Bangkok Life Assurance Public Company Limited","BLA","SET",,,66511593,6011528,149,"THB"
"BTS Group Holdings Public Company Limited","BTS","SET",,,20223685,6339721,149,"THB"
"BTS Rail Mass Transit Growth Infrastructure Fund","BTSGIF","SET",,,235630470,235630465,149,"THB"
"Central Plaza Hotel Public Company Limited","CENTEL","SET",,,27860635,877152,149,"THB"
"CH Karnchang Public Company Limited","CK","SET",,,20159610,882145,149,"THB"
"CP ALL Public Company Limited","CPALL","SET",,,20159247,9273820,149,"THB"
"Charoen Pokphand Foods Public Co. Ltd.","CPF","SET",,,20218554,694640,149,"THB"
"Central Pattana Public Company Limited","CPN","SET",,,20113795,8087551,149,"THB"
"Delta Electronics Thailand Public Company Limited","DELTA","SET",,,20213609,882013,149,"THB"
"Total Access Communication Public Company Limited","DTAC","SET",,,35120030,881651,149,"THB"
"Energy Absolute Public Company Limited","EA","SET",,,226838969,60413914,149,"THB"
"Electricity Generating Public Company Limited","EGCO","SET",,,20210315,879843,149,"THB"
"Glow Energy Public Company Limited","GLOW","SET",,,21969839,20725855,149,"THB"
"Home Product Center Public Company Limited","HMPRO","SET",,,20213586,9883647,149,"THB"
"Intouch Holdings Public Company Limited","INTUCH","SET",,,20213384,876933,149,"THB"
"IRPC Public Company Limited","IRPC","SET",,,20179248,879846,149,"THB"
"Indorama Ventures Public Company Limited","IVL","SET",,,83748645,40421598,149,"THB"
"Kasikornbank Public Company Limited","KBANK","SET",,,20195512,874661,149,"THB"
"Krung Thai Bank Public Company Limited","KTB","SET",,,20188677,878762,149,"THB"
"Land and Houses Public Company Limited","LH","SET",,,20179828,2482083,149,"THB"
"MK Restaurant Group Public Company Limited","M","SET",,,244504850,228634857,149,"THB"
"Siam Makro Public Company Limited","MAKRO","SET",,,20197534,2482215,149,"THB"
"Minor International PCL","MINT","SET",,,20106570,879160,149,"THB"
"Pruksa Real Estate Public Company Limited","PS","SET",,,24908668,13526453,149,"THB"
"PTT Public Company Limited","PTT","SET",,,20213684,5469268,149,"THB"
"PTT Exploration and Production Public Company Limited","PTTEP","SET",,,26871739,878957,149,"THB"
"PTT Global Chemical Public Company Limited","PTTGC","SET",,,141934284,879835,149,"THB"
"Ratchaburi Electricity Generating Holding Public Company Limited","RATCH","SET",,,20191147,2445979,149,"THB"
"Robinson Department Store Public Company Limited","ROBINS","SET",,,20223113,7985281,149,"THB"
"The Siam Commercial Bank Public Company Limited","SCB","SET",,,20195558,874484,149,"THB"
"The Siam Cement Public Company Limited","SCC","SET",,,20214549,874834,149,"THB"
"Siam City Cement Public Company Limited","SCCC","SET",,,20197496,874882,149,"THB"
"TMB Bank Public Company Limited","TMB","SET",,,20243113,877014,149,"THB"
"Thai Oil Public Company Limited","TOP","SET",,,20106765,5473447,149,"THB"
"TPI Polene Public Company Limited","TPIPL","SET",,,20223554,877348,149,"THB"
"True Corporation Public Company Limited","TRUE","SET",,,20223777,879550,149,"THB"
"Thai Union Frozen Products Public Company Limited","TUF","SET",,,280760106,626286,149,"THB"
"WHA Corporation Public Company Limited","WHA","SET",,,224013454,140494051,149,"THB"
"Taiwan Cement Corp.","1101","TSEC",,,20223580,877741,156,"TWD"
"Asia Cement Corp.","1102","TSEC",,,20206590,877186,156,"TWD"
"Uni-President Enterprises Corporation","1216","TSEC",,,20217400,874873,156,"TWD"
"Formosa Plastics Corporation","1301","TSEC",,,20210868,877647,156,"TWD"
"Nan Ya Plastics Corporation","1303","TSEC",,,20120776,878523,156,"TWD"
"Formosa Chemicals & Fibre Corporation","1326","TSEC",,,20210874,877467,156,"TWD"
"Far Eastern New Century Corporation","1402","TSEC",,,20166525,877181,156,"TWD"
"Eclat Textile Corporation Ltd.","1476","TSEC",,,20210792,9846195,156,"TWD"
"China Steel Corp.","2002","TSEC",,,20158373,874243,156,"TWD"
"Cheng Shin Rubber Industries Co. Ltd.","2105","TSEC",,,20158356,10975476,156,"TWD"
"Hotai Motor Co., Ltd.","2207","TSEC",,,20213540,9849122,156,"TWD"
"Yulon Nissan Motor Co. Ltd.","2227","TSEC",,,31780177,13008366,156,"TWD"
"Lite-On Technology Corp.","2301","TSEC",,,20158998,881878,156,"TWD"
"United Microelectronics Corporation","2303","TSEC",,,20184880,528092,156,"TWD"
"Delta Electronics Inc.","2308","TSEC",,,20216494,881594,156,"TWD"
"Advanced Semiconductor Engineering Inc.","2311","TSEC",,,20167874,528312,156,"TWD"
"Hon Hai Precision Industry Co., Ltd.","2317","TSEC",,,20192403,883723,156,"TWD"
"Compal Electronics, Inc.","2324","TSEC",,,20164366,2482725,156,"TWD"
"Siliconware Precision Industries Co. Ltd.","2325","TSEC",,,20197586,881297,156,"TWD"
"Taiwan Semiconductor Manufacturing Company Limited","2330","TSEC",,,20195531,380075,156,"TWD"
"Synnex Technology International Corporation","2347","TSEC",,,20223534,882379,156,"TWD"
"Foxconn Technology Co., Ltd.","2354","TSEC",,,20217670,9898381,156,"TWD"
"Inventec Corp.","2356","TSEC",,,20164938,9638854,156,"TWD"
"ASUSTeK Computer, Inc.","2357","TSEC",,,20167660,25170,156,"TWD"
"Quanta Computer, Inc.","2382","TSEC",,,20207401,812568,156,"TWD"
"Advantech Co. Ltd.","2395","TSEC",,,20215735,2432650,156,"TWD"
"Nanya Technology Corporation","2408","TSEC",,,20210064,6314453,156,"TWD"
"AU Optronics Corp.","2409","TSEC",,,20210205,2237606,156,"TWD"
"Chunghwa Telecom Co., Ltd.","2412","TSEC",,,20210195,3601825,156,"TWD"
"MediaTek Inc.","2454","TSEC",,,20191537,6043453,156,"TWD"
"Catcher Technology Co., Ltd.","2474","TSEC",,,20168636,4596653,156,"TWD"
"HTC Corporation","2498","TSEC",,,20214321,8104897,156,"TWD"
"Highwealth Construction Corp.","2542","TSEC",,,20214860,9829366,156,"TWD"
"China Airlines, Ltd.","2610","TSEC",,,20158332,882561,156,"TWD"
"Wan Hai Lines Ltd.","2615","TSEC",,,20178412,9682799,156,"TWD"
"Eva Airways Corp.","2618","TSEC",,,20168611,3748359,156,"TWD"
"Chang Hwa Commercial Bank, Ltd.","2801","TSEC",,,20168678,876766,156,"TWD"
"China Life Insurance Co., Ltd.","2823","TSEC",,,20158703,12718910,156,"TWD"
"Hua Nan Financial Holdings Co. Ltd.","2880","TSEC",,,20218595,9263644,156,"TWD"
"Fubon Financial Holding Co., Ltd.","2881","TSEC",,,20218578,881569,156,"TWD"
"Cathay Financial Holding Co., Ltd.","2882","TSEC",,,20213903,3019738,156,"TWD"
"China Development Financial Holding Corporation","2883","TSEC",,,20192132,4307158,156,"TWD"
"E.SUN Financial Holding Company, Ltd.","2884","TSEC",,,20192267,8971546,156,"TWD"
"Yuanta Financial Holding Co., Ltd.","2885","TSEC",,,20213823,9682881,156,"TWD"
"Mega Financial Holding Company","2886","TSEC",,,20218835,8247179,156,"TWD"
"Taishin Financial Holding Co., Ltd.","2887","TSEC",,,20218966,9104587,156,"TWD"
"Shin Kong Financial Holding Co., Ltd.","2888","TSEC",,,20218990,9220624,156,"TWD"
"Sinopac Financial Holdings Company Limited","2890","TSEC",,,20219564,7689790,156,"TWD"
"CTBC Financial Holding Co., Ltd.","2891","TSEC",,,20219627,8179081,156,"TWD"
"First Financial Holding Co., Ltd.","2892","TSEC",,,20179777,7376197,156,"TWD"
"President Chain Store Corp.","2912","TSEC",,,20159290,1433510,156,"TWD"
"Ruentex Industries Limited","2915","TSEC",,,20223216,9829319,156,"TWD"
"Largan Precision Co., Ltd.","3008","TSEC",,,20218965,2482620,156,"TWD"
"Novatek Microelectronics Corp.","3034","TSEC",,,20210809,9616919,156,"TWD"
"Taiwan Mobile Co., Ltd","3045","TSEC",,,20190991,721144,156,"TWD"
"Inotera Memories Inc.","3474","TSEC",,,21946968,9010465,156,"TWD"
"Innolux Corporation","3481","TSEC",,,22882580,7873451,156,"TWD"
"TPK Holding Co., Ltd.","3673","TSEC",,,115024345,28046936,156,"TWD"
"WPG Holdings Limited","3702","TSEC",,,24656745,24624725,156,"TWD"
"Far EasTone Telecommunications Co., Ltd.","4904","TSEC",,,31778744,1711615,156,"TWD"
"Pegatron Corporation","4938","TSEC",,,105894599,44006094,156,"TWD"
"Zhen Ding Technology Holding Limited","4958","TSEC",,,143244149,140596767,156,"TWD"
"Casetek Holdings Limited","5264","TSEC",,,225885729,61202906,156,"TWD"
"Chailease Holding Company Limited","5871","TSEC",,,136982977,129364722,156,"TWD"
"Taiwan Cooperative Financial Holding Co., Ltd.","5880","TSEC",,,143540705,216650671,156,"TWD"
"Formosa Petrochemical Corp.","6505","TSEC",,,20222621,8954107,156,"TWD"
"Pou Chen Corporation","9904","TSEC",,,20217264,882518,156,"TWD"
"Feng Tay Enterprises Co., Ltd.","9910","TSEC",,,20166679,8935573,156,"TWD"
"Merida Industry Co. Ltd.","9914","TSEC",,,20179912,12763724,156,"TWD"
"Giant Manufacturing Co. Ltd.","9921","TSEC",,,20191523,9549315,156,"TWD"
